[{"text":"<div class = centerbox><p class = center-block-text>Welcome to the experiment. This experiment will take less than 10 minutes. Press <strong>enter</strong> to begin.</p></div>","rt":1396,"key_press":13,"block_duration":1396,"timing_post_trial":0,"trial_id":"instruction","trial_type":"poldrack-text","trial_index":0,"time_elapsed":1398,"internal_node_id":"0.0-0.0-0.0","exp_id":"digit-span","full_screen":true,"focus_shifts":0},{"view_history":"[{\"page_index\":0,\"viewing_time\":1071}]","rt":1073,"trial_id":"instruction","trial_type":"poldrack-instructions","trial_index":1,"time_elapsed":2472,"internal_node_id":"0.0-0.0-1.0","exp_id":"digit-span","full_screen":true,"focus_shifts":0},{"rt":-1,"stimulus":"<div class = centerbox><div class = center-text>3 Digits</p></div>","key_press":-1,"possible_responses":"none","stim_duration":1000,"block_duration":1000,"timing_post_trial":1000,"trial_id":"test_intro","trial_type":"poldrack-single-stim","trial_index":2,"time_elapsed":4482,"internal_node_id":"0.0-1.0","exp_id":"digit-span","full_screen":true,"focus_shifts":0},{"rt":"[-1]","stimuli":"[\"<div class = centerbox><div class = digit-span-text>7</div></div>\",\"<div class = centerbox><div class = digit-span-text>3</div></div>\",\"<div class = centerbox><div class = digit-span-text>9</div></div>\"]","key_presses":"[-1]","possible_responses":[["none"]],"stim_durations":"[800,800,800]","block_duration":3000,"timing_post_trial":0,"trial_id":"stim","exp_stage":"test","trial_type":"poldrack-multi-stim-multi-response","trial_index":3,"time_elapsed":8491,"internal_node_id":"0.0-2.0","sequence":[7,3,9],"num_digits":3,"exp_id":"digit-span","full_screen":true,"focus_shifts":0},{"rt":819,"mouse_click":"SubmitButton","stim_duration":819,"block_duration":819,"timing_post_trial":500,"trial_id":"response","exp_stage":"test","trial_type":"single-stim-button","trial_index":4,"time_elapsed":9315,"internal_node_id":"0.0-3.0","response":[],"sequence":[7,3,9],"num_digits":3,"condition":"forward","correct":false,"exp_id":"digit-span","full_screen":true,"focus_shifts":0},{"rt":-1,"stimulus":"<div class = centerbox><div class = center-text><span style=\"color:red\">Incorrect</span></div></div>","key_press":-1,"possible_responses":"none","stim_duration":1000,"block_duration":1000,"timing_post_trial":1000,"trial_id":"feedback","trial_type":"poldrack-single-stim","trial_index":5,"time_elapsed":10820,"internal_node_id":"0.0-4.0","exp_id":"digit-span","full_screen":true,"focus_shifts":0},{"rt":-1,"stimulus":"<div class = centerbox><div class = center-text>3 Digits</p></div>","key_press":-1,"possible_responses":"none","stim_duration":1000,"block_duration":1000,"timing_post_trial":1000,"trial_id":"test_intro","trial_type":"poldrack-single-stim","trial_index":6,"time_elapsed":12825,"internal_node_id":"0.0-5.0","exp_id":"digit-span","full_screen":true,"focus_shifts":0},{"rt":"[-1]","stimuli":"[\"<div class = centerbox><div class = digit-span-text>3</div></div>\",\"<div class = centerbox><div class = digit-span-text>7</div></div>\",\"<div class = centerbox><div class = digit-span-text>3</div></div>\"]","key_presses":"[-1]","possible_responses":[["none"]],"stim_durations":"[800,800,800]","block_duration":3000,"timing_post_trial":0,"trial_id":"stim","exp_stage":"test","trial_type":"poldrack-multi-stim-multi-response","trial_index":7,"time_elapsed":16832,"internal_node_id":"0.0-6.0","sequence":[3,7,3],"num_digits":3,"exp_id":"digit-span","full_screen":true,"focus_shifts":1},{"rt":1131,"mouse_click":"SubmitButton","stim_duration":1131,"block_duration":1131,"timing_post_trial":500,"trial_id":"response","exp_stage":"test","trial_type":"single-stim-button","trial_index":8,"time_elapsed":17968,"internal_node_id":"0.0-7.0","response":[],"sequence":[3,7,3],"num_digits":3,"condition":"forward","correct":false,"exp_id":"digit-span","full_screen":true,"focus_shifts":0},{"rt":-1,"stimulus":"<div class = centerbox><div class = center-text><span style=\"color:red\">Incorrect</span></div></div>","key_press":-1,"possible_responses":"none","stim_duration":1000,"block_duration":1000,"timing_post_trial":1000,"trial_id":"feedback","trial_type":"poldrack-single-stim","trial_index":9,"time_elapsed":19472,"internal_node_id":"0.0-8.0","exp_id":"digit-span","full_screen":true,"focus_shifts":0},{"rt":-1,"stimulus":"<div class = centerbox><div class = center-text>2 Digits</p></div>","key_press":-1,"possible_responses":"none","stim_duration":1000,"block_duration":1000,"timing_post_trial":1000,"trial_id":"test_intro","trial_type":"poldrack-single-stim","trial_index":10,"time_elapsed":21476,"internal_node_id":"0.0-9.0","exp_id":"digit-span","full_screen":true,"focus_shifts":0},{"rt":"[-1]","stimuli":"[\"<div class = centerbox><div class = digit-span-text>3</div></div>\",\"<div class = centerbox><div class = digit-span-text>7</div></div>\"]","key_presses":"[-1]","possible_responses":[["none"]],"stim_durations":"[800,800]","block_duration":2000,"timing_post_trial":0,"trial_id":"stim","exp_stage":"test","trial_type":"poldrack-multi-stim-multi-response","trial_index":11,"time_elapsed":24480,"internal_node_id":"0.0-10.0","sequence":[3,7],"num_digits":2,"exp_id":"digit-span","full_screen":true,"focus_shifts":0},{"rt":1084,"mouse_click":"SubmitButton","stim_duration":1084,"block_duration":1084,"timing_post_trial":500,"trial_id":"response","exp_stage":"test","trial_type":"single-stim-button","trial_index":12,"time_elapsed":25566,"internal_node_id":"0.0-11.0","response":[],"sequence":[3,7],"num_digits":2,"condition":"forward","correct":false,"exp_id":"digit-span","full_screen":true,"focus_shifts":0},{"rt":-1,"stimulus":"<div class = centerbox><div class = center-text><span style=\"color:red\">Incorrect</span></div></div>","key_press":-1,"possible_responses":"none","stim_duration":1000,"block_duration":1000,"timing_post_trial":1000,"trial_id":"feedback","trial_type":"poldrack-single-stim","trial_index":13,"time_elapsed":27070,"internal_node_id":"0.0-12.0","exp_id":"digit-span","full_screen":true,"focus_shifts":0},{"rt":-1,"stimulus":"<div class = centerbox><div class = center-text>2 Digits</p></div>","key_press":-1,"possible_responses":"none","stim_duration":1000,"block_duration":1000,"timing_post_trial":1000,"trial_id":"test_intro","trial_type":"poldrack-single-stim","trial_index":14,"time_elapsed":29074,"internal_node_id":"0.0-13.0","exp_id":"digit-span","full_screen":true,"focus_shifts":0},{"rt":"[-1]","stimuli":"[\"<div class = centerbox><div class = digit-span-text>8</div></div>\",\"<div class = centerbox><div class = digit-span-text>2</div></div>\"]","key_presses":"[-1]","possible_responses":[["none"]],"stim_durations":"[800,800]","block_duration":2000,"timing_post_trial":0,"trial_id":"stim","exp_stage":"test","trial_type":"poldrack-multi-stim-multi-response","trial_index":15,"time_elapsed":32077,"internal_node_id":"0.0-14.0","sequence":[8,2],"num_digits":2,"exp_id":"digit-span","full_screen":true,"focus_shifts":0},{"rt":496,"mouse_click":"SubmitButton","stim_duration":496,"block_duration":496,"timing_post_trial":500,"trial_id":"response","exp_stage":"test","trial_type":"single-stim-button","trial_index":16,"time_elapsed":32576,"internal_node_id":"0.0-15.0","response":[],"sequence":[8,2],"num_digits":2,"condition":"forward","correct":false,"exp_id":"digit-span","full_screen":true,"focus_shifts":0},{"rt":-1,"stimulus":"<div class = centerbox><div class = center-text><span style=\"color:red\">Incorrect</span></div></div>","key_press":-1,"possible_responses":"none","stim_duration":1000,"block_duration":1000,"timing_post_trial":1000,"trial_id":"feedback","trial_type":"poldrack-single-stim","trial_index":17,"time_elapsed":34081,"internal_node_id":"0.0-16.0","exp_id":"digit-span","full_screen":true,"focus_shifts":0},{"rt":-1,"stimulus":"<div class = centerbox><div class = center-text>1 Digits</p></div>","key_press":-1,"possible_responses":"none","stim_duration":1000,"block_duration":1000,"timing_post_trial":1000,"trial_id":"test_intro","trial_type":"poldrack-single-stim","trial_index":18,"time_elapsed":36084,"internal_node_id":"0.0-17.0","exp_id":"digit-span","full_screen":true,"focus_shifts":0},{"rt":"[-1]","stimuli":"[\"<div class = centerbox><div class = digit-span-text>7</div></div>\"]","key_presses":"[-1]","possible_responses":[["none"]],"stim_durations":"[800]","block_duration":1000,"timing_post_trial":0,"trial_id":"stim","exp_stage":"test","trial_type":"poldrack-multi-stim-multi-response","trial_index":19,"time_elapsed":38087,"internal_node_id":"0.0-18.0","sequence":[7],"num_digits":1,"exp_id":"digit-span","full_screen":true,"focus_shifts":0},{"rt":2331,"mouse_click":"SubmitButton","stim_duration":2331,"block_duration":2331,"timing_post_trial":500,"trial_id":"response","exp_stage":"test","trial_type":"single-stim-button","trial_index":20,"time_elapsed":40422,"internal_node_id":"0.0-19.0","response":[7],"sequence":[7],"num_digits":1,"condition":"forward","correct":true,"exp_id":"digit-span","full_screen":true,"focus_shifts":0},{"rt":-1,"stimulus":"<div class = centerbox><div class = center-text><span style=\"color:green\">Correct!</span></div></div>","key_press":-1,"possible_responses":"none","stim_duration":1000,"block_duration":1000,"timing_post_trial":1000,"trial_id":"feedback","trial_type":"poldrack-single-stim","trial_index":21,"time_elapsed":41927,"internal_node_id":"0.0-20.0","exp_id":"digit-span","full_screen":true,"focus_shifts":0},{"rt":-1,"stimulus":"<div class = centerbox><div class = center-text>2 Digits</p></div>","key_press":-1,"possible_responses":"none","stim_duration":1000,"block_duration":1000,"timing_post_trial":1000,"trial_id":"test_intro","trial_type":"poldrack-single-stim","trial_index":22,"time_elapsed":43932,"internal_node_id":"0.0-21.0","exp_id":"digit-span","full_screen":true,"focus_shifts":0},{"rt":"[-1]","stimuli":"[\"<div class = centerbox><div class = digit-span-text>9</div></div>\",\"<div class = centerbox><div class = digit-span-text>5</div></div>\"]","key_presses":"[-1]","possible_responses":[["none"]],"stim_durations":"[800,800]","block_duration":2000,"timing_post_trial":0,"trial_id":"stim","exp_stage":"test","trial_type":"poldrack-multi-stim-multi-response","trial_index":23,"time_elapsed":46935,"internal_node_id":"0.0-22.0","sequence":[9,5],"num_digits":2,"exp_id":"digit-span","full_screen":true,"focus_shifts":0},{"rt":3249,"mouse_click":"SubmitButton","stim_duration":3249,"block_duration":3249,"timing_post_trial":500,"trial_id":"response","exp_stage":"test","trial_type":"single-stim-button","trial_index":24,"time_elapsed":50186,"internal_node_id":"0.0-23.0","response":[9,5],"sequence":[9,5],"num_digits":2,"condition":"forward","correct":true,"exp_id":"digit-span","full_screen":true,"focus_shifts":0},{"rt":-1,"stimulus":"<div class = centerbox><div class = center-text><span style=\"color:green\">Correct!</span></div></div>","key_press":-1,"possible_responses":"none","stim_duration":1000,"block_duration":1000,"timing_post_trial":1000,"trial_id":"feedback","trial_type":"poldrack-single-stim","trial_index":25,"time_elapsed":51690,"internal_node_id":"0.0-24.0","exp_id":"digit-span","full_screen":true,"focus_shifts":0},{"rt":-1,"stimulus":"<div class = centerbox><div class = center-text>3 Digits</p></div>","key_press":-1,"possible_responses":"none","stim_duration":1000,"block_duration":1000,"timing_post_trial":1000,"trial_id":"test_intro","trial_type":"poldrack-single-stim","trial_index":26,"time_elapsed":53693,"internal_node_id":"0.0-25.0","exp_id":"digit-span","full_screen":true,"focus_shifts":0},{"rt":"[-1]","stimuli":"[\"<div class = centerbox><div class = digit-span-text>7</div></div>\",\"<div class = centerbox><div class = digit-span-text>3</div></div>\",\"<div class = centerbox><div class = digit-span-text>7</div></div>\"]","key_presses":"[-1]","possible_responses":[["none"]],"stim_durations":"[800,800,800]","block_duration":3000,"timing_post_trial":0,"trial_id":"stim","exp_stage":"test","trial_type":"poldrack-multi-stim-multi-response","trial_index":27,"time_elapsed":57697,"internal_node_id":"0.0-26.0","sequence":[7,3,7],"num_digits":3,"exp_id":"digit-span","full_screen":true,"focus_shifts":0},{"rt":3694,"mouse_click":"SubmitButton","stim_duration":3694,"block_duration":3694,"timing_post_trial":500,"trial_id":"response","exp_stage":"test","trial_type":"single-stim-button","trial_index":28,"time_elapsed":61393,"internal_node_id":"0.0-27.0","response":[7,3,7],"sequence":[7,3,7],"num_digits":3,"condition":"forward","correct":true,"exp_id":"digit-span","full_screen":true,"focus_shifts":0},{"rt":-1,"stimulus":"<div class = centerbox><div class = center-text><span style=\"color:green\">Correct!</span></div></div>","key_press":-1,"possible_responses":"none","stim_duration":1000,"block_duration":1000,"timing_post_trial":1000,"trial_id":"feedback","trial_type":"poldrack-single-stim","trial_index":29,"time_elapsed":62897,"internal_node_id":"0.0-28.0","exp_id":"digit-span","full_screen":true,"focus_shifts":0},{"rt":-1,"stimulus":"<div class = centerbox><div class = center-text>4 Digits</p></div>","key_press":-1,"possible_responses":"none","stim_duration":1000,"block_duration":1000,"timing_post_trial":1000,"trial_id":"test_intro","trial_type":"poldrack-single-stim","trial_index":30,"time_elapsed":64900,"internal_node_id":"0.0-29.0","exp_id":"digit-span","full_screen":true,"focus_shifts":0},{"rt":"[-1]","stimuli":"[\"<div class = centerbox><div class = digit-span-text>7</div></div>\",\"<div class = centerbox><div class = digit-span-text>4</div></div>\",\"<div class = centerbox><div class = digit-span-text>7</div></div>\",\"<div class = centerbox><div class = digit-span-text>2</div></div>\"]","key_presses":"[-1]","possible_responses":[["none"]],"stim_durations":"[800,800,800,800]","block_duration":4000,"timing_post_trial":0,"trial_id":"stim","exp_stage":"test","trial_type":"poldrack-multi-stim-multi-response","trial_index":31,"time_elapsed":69904,"internal_node_id":"0.0-30.0","sequence":[7,4,7,2],"num_digits":4,"exp_id":"digit-span","full_screen":true,"focus_shifts":0},{"rt":4156,"mouse_click":"SubmitButton","stim_duration":4156,"block_duration":4156,"timing_post_trial":500,"trial_id":"response","exp_stage":"test","trial_type":"single-stim-button","trial_index":32,"time_elapsed":74065,"internal_node_id":"0.0-31.0","response":[7,4,7,2],"sequence":[7,4,7,2],"num_digits":4,"condition":"forward","correct":true,"exp_id":"digit-span","full_screen":true,"focus_shifts":0},{"rt":-1,"stimulus":"<div class = centerbox><div class = center-text><span style=\"color:green\">Correct!</span></div></div>","key_press":-1,"possible_responses":"none","stim_duration":1000,"block_duration":1000,"timing_post_trial":1000,"trial_id":"feedback","trial_type":"poldrack-single-stim","trial_index":33,"time_elapsed":75570,"internal_node_id":"0.0-32.0","exp_id":"digit-span","full_screen":true,"focus_shifts":0},{"rt":-1,"stimulus":"<div class = centerbox><div class = center-text>5 Digits</p></div>","key_press":-1,"possible_responses":"none","stim_duration":1000,"block_duration":1000,"timing_post_trial":1000,"trial_id":"test_intro","trial_type":"poldrack-single-stim","trial_index":34,"time_elapsed":77576,"internal_node_id":"0.0-33.0","exp_id":"digit-span","full_screen":true,"focus_shifts":0},{"rt":"[-1]","stimuli":"[\"<div class = centerbox><div class = digit-span-text>5</div></div>\",\"<div class = centerbox><div class = digit-span-text>1</div></div>\",\"<div class = centerbox><div class = digit-span-text>6</div></div>\",\"<div class = centerbox><div class = digit-span-text>3</div></div>\",\"<div class = centerbox><div class = digit-span-text>8</div></div>\"]","key_presses":"[-1]","possible_responses":[["none"]],"stim_durations":"[800,800,800,800,800]","block_duration":5000,"timing_post_trial":0,"trial_id":"stim","exp_stage":"test","trial_type":"poldrack-multi-stim-multi-response","trial_index":35,"time_elapsed":83582,"internal_node_id":"0.0-34.0","sequence":[5,1,6,3,8],"num_digits":5,"exp_id":"digit-span","full_screen":true,"focus_shifts":0},{"rt":3777,"mouse_click":"SubmitButton","stim_duration":3777,"block_duration":3777,"timing_post_trial":500,"trial_id":"response","exp_stage":"test","trial_type":"single-stim-button","trial_index":36,"time_elapsed":87362,"internal_node_id":"0.0-35.0","response":[5,1,6,3,8],"sequence":[5,1,6,3,8],"num_digits":5,"condition":"forward","correct":true,"exp_id":"digit-span","full_screen":true,"focus_shifts":0},{"rt":-1,"stimulus":"<div class = centerbox><div class = center-text><span style=\"color:green\">Correct!</span></div></div>","key_press":-1,"possible_responses":"none","stim_duration":1000,"block_duration":1000,"timing_post_trial":1000,"trial_id":"feedback","trial_type":"poldrack-single-stim","trial_index":37,"time_elapsed":88866,"internal_node_id":"0.0-36.0","exp_id":"digit-span","full_screen":true,"focus_shifts":0},{"rt":-1,"stimulus":"<div class = centerbox><div class = center-text>6 Digits</p></div>","key_press":-1,"possible_responses":"none","stim_duration":1000,"block_duration":1000,"timing_post_trial":1000,"trial_id":"test_intro","trial_type":"poldrack-single-stim","trial_index":38,"time_elapsed":90870,"internal_node_id":"0.0-37.0","exp_id":"digit-span","full_screen":true,"focus_shifts":0},{"rt":"[-1]","stimuli":"[\"<div class = centerbox><div class = digit-span-text>9</div></div>\",\"<div class = centerbox><div class = digit-span-text>2</div></div>\",\"<div class = centerbox><div class = digit-span-text>8</div></div>\",\"<div class = centerbox><div class = digit-span-text>2</div></div>\",\"<div class = centerbox><div class = digit-span-text>7</div></div>\",\"<div class = centerbox><div class = digit-span-text>4</div></div>\"]","key_presses":"[-1]","possible_responses":[["none"]],"stim_durations":"[800,800,800,800,800,800]","block_duration":6000,"timing_post_trial":0,"trial_id":"stim","exp_stage":"test","trial_type":"poldrack-multi-stim-multi-response","trial_index":39,"time_elapsed":97874,"internal_node_id":"0.0-38.0","sequence":[9,2,8,2,7,4],"num_digits":6,"exp_id":"digit-span","full_screen":true,"focus_shifts":0},{"rt":5569,"mouse_click":"SubmitButton","stim_duration":5569,"block_duration":5569,"timing_post_trial":500,"trial_id":"response","exp_stage":"test","trial_type":"single-stim-button","trial_index":40,"time_elapsed":103445,"internal_node_id":"0.0-39.0","response":[],"sequence":[9,2,8,2,7,4],"num_digits":6,"condition":"forward","correct":false,"exp_id":"digit-span","full_screen":true,"focus_shifts":0},{"rt":-1,"stimulus":"<div class = centerbox><div class = center-text><span style=\"color:red\">Incorrect</span></div></div>","key_press":-1,"possible_responses":"none","stim_duration":1000,"block_duration":1000,"timing_post_trial":1000,"trial_id":"feedback","trial_type":"poldrack-single-stim","trial_index":41,"time_elapsed":104950,"internal_node_id":"0.0-40.0","exp_id":"digit-span","full_screen":true,"focus_shifts":0},{"text":"<div class = centerbox><p class = block-text>In these next trials, instead of reporting back the sequence you just saw, report the <strong>reverse</strong> of that sequence. So the last item should be first in your response, the second to last should be the second in your response, etc...</p><p class = block-text>Press <strong>enter</strong> to begin.</p></div>","rt":1358,"key_press":13,"block_duration":1358,"timing_post_trial":1000,"trial_id":"start_reverse","trial_type":"poldrack-text","trial_index":42,"time_elapsed":107311,"internal_node_id":"0.0-42.0","exp_id":"digit-span","full_screen":true,"focus_shifts":0},{"rt":-1,"stimulus":"<div class = centerbox><div class = center-text>3 Digits</p></div>","key_press":-1,"possible_responses":"none","stim_duration":1000,"block_duration":1000,"timing_post_trial":1000,"trial_id":"test_intro","trial_type":"poldrack-single-stim","trial_index":43,"time_elapsed":109316,"internal_node_id":"0.0-43.0","exp_id":"digit-span","full_screen":true,"focus_shifts":0},{"rt":"[-1]","stimuli":"[\"<div class = centerbox><div class = digit-span-text>6</div></div>\",\"<div class = centerbox><div class = digit-span-text>3</div></div>\",\"<div class = centerbox><div class = digit-span-text>6</div></div>\"]","key_presses":"[-1]","possible_responses":[["none"]],"stim_durations":"[800,800,800]","block_duration":3000,"timing_post_trial":0,"trial_id":"stim","exp_stage":"test","trial_type":"poldrack-multi-stim-multi-response","trial_index":44,"time_elapsed":113320,"internal_node_id":"0.0-44.0","sequence":[6,3,6],"num_digits":3,"exp_id":"digit-span","full_screen":true,"focus_shifts":0},{"rt":4251,"mouse_click":"SubmitButton","stim_duration":4251,"block_duration":4251,"timing_post_trial":500,"trial_id":"response","exp_stage":"test","trial_type":"single-stim-button","trial_index":45,"time_elapsed":117573,"internal_node_id":"0.0-45.0","response":[6,3,6],"sequence":[6,3,6],"num_digits":3,"condition":"reverse","correct":true,"exp_id":"digit-span","full_screen":true,"focus_shifts":0},{"rt":-1,"stimulus":"<div class = centerbox><div class = center-text><span style=\"color:green\">Correct!</span></div></div>","key_press":-1,"possible_responses":"none","stim_duration":1000,"block_duration":1000,"timing_post_trial":1000,"trial_id":"feedback","trial_type":"poldrack-single-stim","trial_index":46,"time_elapsed":119078,"internal_node_id":"0.0-46.0","exp_id":"digit-span","full_screen":true,"focus_shifts":1},{"rt":-1,"stimulus":"<div class = centerbox><div class = center-text>4 Digits</p></div>","key_press":-1,"possible_responses":"none","stim_duration":1000,"block_duration":1000,"timing_post_trial":1000,"trial_id":"test_intro","trial_type":"poldrack-single-stim","trial_index":47,"time_elapsed":121083,"internal_node_id":"0.0-47.0","exp_id":"digit-span","full_screen":true,"focus_shifts":0},{"rt":"[-1]","stimuli":"[\"<div class = centerbox><div class = digit-span-text>8</div></div>\",\"<div class = centerbox><div class = digit-span-text>2</div></div>\",\"<div class = centerbox><div class = digit-span-text>5</div></div>\",\"<div class = centerbox><div class = digit-span-text>2</div></div>\"]","key_presses":"[-1]","possible_responses":[["none"]],"stim_durations":"[800,800,800,800]","block_duration":4000,"timing_post_trial":0,"trial_id":"stim","exp_stage":"test","trial_type":"poldrack-multi-stim-multi-response","trial_index":48,"time_elapsed":126087,"internal_node_id":"0.0-48.0","sequence":[8,2,5,2],"num_digits":4,"exp_id":"digit-span","full_screen":true,"focus_shifts":0},{"rt":983,"mouse_click":"SubmitButton","stim_duration":983,"block_duration":983,"timing_post_trial":500,"trial_id":"response","exp_stage":"test","trial_type":"single-stim-button","trial_index":49,"time_elapsed":127071,"internal_node_id":"0.0-49.0","response":[],"sequence":[8,2,5,2],"num_digits":4,"condition":"reverse","correct":false,"exp_id":"digit-span","full_screen":true,"focus_shifts":0},{"rt":-1,"stimulus":"<div class = centerbox><div class = center-text><span style=\"color:red\">Incorrect</span></div></div>","key_press":-1,"possible_responses":"none","stim_duration":1000,"block_duration":1000,"timing_post_trial":1000,"trial_id":"feedback","trial_type":"poldrack-single-stim","trial_index":50,"time_elapsed":128575,"internal_node_id":"0.0-50.0","exp_id":"digit-span","full_screen":true,"focus_shifts":0},{"rt":-1,"stimulus":"<div class = centerbox><div class = center-text>4 Digits</p></div>","key_press":-1,"possible_responses":"none","stim_duration":1000,"block_duration":1000,"timing_post_trial":1000,"trial_id":"test_intro","trial_type":"poldrack-single-stim","trial_index":51,"time_elapsed":130579,"internal_node_id":"0.0-51.0","exp_id":"digit-span","full_screen":true,"focus_shifts":0},{"rt":"[-1]","stimuli":"[\"<div class = centerbox><div class = digit-span-text>5</div></div>\",\"<div class = centerbox><div class = digit-span-text>8</div></div>\",\"<div class = centerbox><div class = digit-span-text>3</div></div>\",\"<div class = centerbox><div class = digit-span-text>8</div></div>\"]","key_presses":"[-1]","possible_responses":[["none"]],"stim_durations":"[800,800,800,800]","block_duration":4000,"timing_post_trial":0,"trial_id":"stim","exp_stage":"test","trial_type":"poldrack-multi-stim-multi-response","trial_index":52,"time_elapsed":135581,"internal_node_id":"0.0-52.0","sequence":[5,8,3,8],"num_digits":4,"exp_id":"digit-span","full_screen":true,"focus_shifts":0},{"rt":8212,"mouse_click":"SubmitButton","stim_duration":8212,"block_duration":8212,"timing_post_trial":500,"trial_id":"response","exp_stage":"test","trial_type":"single-stim-button","trial_index":53,"time_elapsed":143796,"internal_node_id":"0.0-53.0","response":[3,8,8,5],"sequence":[5,8,3,8],"num_digits":4,"condition":"reverse","correct":false,"exp_id":"digit-span","full_screen":true,"focus_shifts":0},{"rt":-1,"stimulus":"<div class = centerbox><div class = center-text><span style=\"color:red\">Incorrect</span></div></div>","key_press":-1,"possible_responses":"none","stim_duration":1000,"block_duration":1000,"timing_post_trial":1000,"trial_id":"feedback","trial_type":"poldrack-single-stim","trial_index":54,"time_elapsed":145300,"internal_node_id":"0.0-54.0","exp_id":"digit-span","full_screen":true,"focus_shifts":0},{"rt":-1,"stimulus":"<div class = centerbox><div class = center-text>3 Digits</p></div>","key_press":-1,"possible_responses":"none","stim_duration":1000,"block_duration":1000,"timing_post_trial":1000,"trial_id":"test_intro","trial_type":"poldrack-single-stim","trial_index":55,"time_elapsed":147303,"internal_node_id":"0.0-55.0","exp_id":"digit-span","full_screen":true,"focus_shifts":0},{"rt":"[-1]","stimuli":"[\"<div class = centerbox><div class = digit-span-text>7</div></div>\",\"<div class = centerbox><div class = digit-span-text>4</div></div>\",\"<div class = centerbox><div class = digit-span-text>9</div></div>\"]","key_presses":"[-1]","possible_responses":[["none"]],"stim_durations":"[800,800,800]","block_duration":3000,"timing_post_trial":0,"trial_id":"stim","exp_stage":"test","trial_type":"poldrack-multi-stim-multi-response","trial_index":56,"time_elapsed":151307,"internal_node_id":"0.0-56.0","sequence":[7,4,9],"num_digits":3,"exp_id":"digit-span","full_screen":true,"focus_shifts":0},{"rt":3981,"mouse_click":"SubmitButton","stim_duration":3981,"block_duration":3981,"timing_post_trial":500,"trial_id":"response","exp_stage":"test","trial_type":"single-stim-button","trial_index":57,"time_elapsed":155290,"internal_node_id":"0.0-57.0","response":[9,3,7],"sequence":[7,4,9],"num_digits":3,"condition":"reverse","correct":false,"exp_id":"digit-span","full_screen":true,"focus_shifts":0},{"rt":-1,"stimulus":"<div class = centerbox><div class = center-text><span style=\"color:red\">Incorrect</span></div></div>","key_press":-1,"possible_responses":"none","stim_duration":1000,"block_duration":1000,"timing_post_trial":1000,"trial_id":"feedback","trial_type":"poldrack-single-stim","trial_index":58,"time_elapsed":156794,"internal_node_id":"0.0-58.0","exp_id":"digit-span","full_screen":true,"focus_shifts":0},{"rt":-1,"stimulus":"<div class = centerbox><div class = center-text>3 Digits</p></div>","key_press":-1,"possible_responses":"none","stim_duration":1000,"block_duration":1000,"timing_post_trial":1000,"trial_id":"test_intro","trial_type":"poldrack-single-stim","trial_index":59,"time_elapsed":158798,"internal_node_id":"0.0-59.0","exp_id":"digit-span","full_screen":true,"focus_shifts":0},{"rt":"[-1]","stimuli":"[\"<div class = centerbox><div class = digit-span-text>3</div></div>\",\"<div class = centerbox><div class = digit-span-text>6</div></div>\",\"<div class = centerbox><div class = digit-span-text>3</div></div>\"]","key_presses":"[-1]","possible_responses":[["none"]],"stim_durations":"[800,800,800]","block_duration":3000,"timing_post_trial":0,"trial_id":"stim","exp_stage":"test","trial_type":"poldrack-multi-stim-multi-response","trial_index":60,"time_elapsed":162801,"internal_node_id":"0.0-60.0","sequence":[3,6,3],"num_digits":3,"exp_id":"digit-span","full_screen":true,"focus_shifts":0},{"rt":913,"mouse_click":"SubmitButton","stim_duration":913,"block_duration":913,"timing_post_trial":500,"trial_id":"response","exp_stage":"test","trial_type":"single-stim-button","trial_index":61,"time_elapsed":163715,"internal_node_id":"0.0-61.0","response":[],"sequence":[3,6,3],"num_digits":3,"condition":"reverse","correct":false,"exp_id":"digit-span","full_screen":true,"focus_shifts":0},{"rt":-1,"stimulus":"<div class = centerbox><div class = center-text><span style=\"color:red\">Incorrect</span></div></div>","key_press":-1,"possible_responses":"none","stim_duration":1000,"block_duration":1000,"timing_post_trial":1000,"trial_id":"feedback","trial_type":"poldrack-single-stim","trial_index":62,"time_elapsed":165218,"internal_node_id":"0.0-62.0","exp_id":"digit-span","full_screen":true,"focus_shifts":0},{"rt":-1,"stimulus":"<div class = centerbox><div class = center-text>2 Digits</p></div>","key_press":-1,"possible_responses":"none","stim_duration":1000,"block_duration":1000,"timing_post_trial":1000,"trial_id":"test_intro","trial_type":"poldrack-single-stim","trial_index":63,"time_elapsed":167222,"internal_node_id":"0.0-63.0","exp_id":"digit-span","full_screen":true,"focus_shifts":0},{"rt":"[-1]","stimuli":"[\"<div class = centerbox><div class = digit-span-text>8</div></div>\",\"<div class = centerbox><div class = digit-span-text>3</div></div>\"]","key_presses":"[-1]","possible_responses":[["none"]],"stim_durations":"[800,800]","block_duration":2000,"timing_post_trial":0,"trial_id":"stim","exp_stage":"test","trial_type":"poldrack-multi-stim-multi-response","trial_index":64,"time_elapsed":170226,"internal_node_id":"0.0-64.0","sequence":[8,3],"num_digits":2,"exp_id":"digit-span","full_screen":true,"focus_shifts":0},{"rt":2164,"mouse_click":"SubmitButton","stim_duration":2164,"block_duration":2164,"timing_post_trial":500,"trial_id":"response","exp_stage":"test","trial_type":"single-stim-button","trial_index":65,"time_elapsed":172394,"internal_node_id":"0.0-65.0","response":[3,8],"sequence":[8,3],"num_digits":2,"condition":"reverse","correct":true,"exp_id":"digit-span","full_screen":true,"focus_shifts":0},{"rt":-1,"stimulus":"<div class = centerbox><div class = center-text><span style=\"color:green\">Correct!</span></div></div>","key_press":-1,"possible_responses":"none","stim_duration":1000,"block_duration":1000,"timing_post_trial":1000,"trial_id":"feedback","trial_type":"poldrack-single-stim","trial_index":66,"time_elapsed":173898,"internal_node_id":"0.0-66.0","exp_id":"digit-span","full_screen":true,"focus_shifts":0},{"rt":-1,"stimulus":"<div class = centerbox><div class = center-text>3 Digits</p></div>","key_press":-1,"possible_responses":"none","stim_duration":1000,"block_duration":1000,"timing_post_trial":1000,"trial_id":"test_intro","trial_type":"poldrack-single-stim","trial_index":67,"time_elapsed":175902,"internal_node_id":"0.0-67.0","exp_id":"digit-span","full_screen":true,"focus_shifts":0},{"rt":"[-1]","stimuli":"[\"<div class = centerbox><div class = digit-span-text>7</div></div>\",\"<div class = centerbox><div class = digit-span-text>2</div></div>\",\"<div class = centerbox><div class = digit-span-text>9</div></div>\"]","key_presses":"[-1]","possible_responses":[["none"]],"stim_durations":"[800,800,800]","block_duration":3000,"timing_post_trial":0,"trial_id":"stim","exp_stage":"test","trial_type":"poldrack-multi-stim-multi-response","trial_index":68,"time_elapsed":179907,"internal_node_id":"0.0-68.0","sequence":[7,2,9],"num_digits":3,"exp_id":"digit-span","full_screen":true,"focus_shifts":0},{"rt":3439,"mouse_click":"SubmitButton","stim_duration":3439,"block_duration":3439,"timing_post_trial":500,"trial_id":"response","exp_stage":"test","trial_type":"single-stim-button","trial_index":69,"time_elapsed":183348,"internal_node_id":"0.0-69.0","response":[9,2,7],"sequence":[7,2,9],"num_digits":3,"condition":"reverse","correct":true,"exp_id":"digit-span","full_screen":true,"focus_shifts":0},{"rt":-1,"stimulus":"<div class = centerbox><div class = center-text><span style=\"color:green\">Correct!</span></div></div>","key_press":-1,"possible_responses":"none","stim_duration":1000,"block_duration":1000,"timing_post_trial":1000,"trial_id":"feedback","trial_type":"poldrack-single-stim","trial_index":70,"time_elapsed":184852,"internal_node_id":"0.0-70.0","exp_id":"digit-span","full_screen":true,"focus_shifts":0},{"rt":-1,"stimulus":"<div class = centerbox><div class = center-text>4 Digits</p></div>","key_press":-1,"possible_responses":"none","stim_duration":1000,"block_duration":1000,"timing_post_trial":1000,"trial_id":"test_intro","trial_type":"poldrack-single-stim","trial_index":71,"time_elapsed":186855,"internal_node_id":"0.0-71.0","exp_id":"digit-span","full_screen":true,"focus_shifts":0},{"rt":"[-1]","stimuli":"[\"<div class = centerbox><div class = digit-span-text>9</div></div>\",\"<div class = centerbox><div class = digit-span-text>2</div></div>\",\"<div class = centerbox><div class = digit-span-text>9</div></div>\",\"<div class = centerbox><div class = digit-span-text>2</div></div>\"]","key_presses":"[-1]","possible_responses":[["none"]],"stim_durations":"[800,800,800,800]","block_duration":4000,"timing_post_trial":0,"trial_id":"stim","exp_stage":"test","trial_type":"poldrack-multi-stim-multi-response","trial_index":72,"time_elapsed":191859,"internal_node_id":"0.0-72.0","sequence":[9,2,9,2],"num_digits":4,"exp_id":"digit-span","full_screen":true,"focus_shifts":0},{"rt":3774,"mouse_click":"SubmitButton","stim_duration":3774,"block_duration":3774,"timing_post_trial":500,"trial_id":"response","exp_stage":"test","trial_type":"single-stim-button","trial_index":73,"time_elapsed":195636,"internal_node_id":"0.0-73.0","response":[2,9,2,9],"sequence":[9,2,9,2],"num_digits":4,"condition":"reverse","correct":true,"exp_id":"digit-span","full_screen":true,"focus_shifts":0},{"rt":-1,"stimulus":"<div class = centerbox><div class = center-text><span style=\"color:green\">Correct!</span></div></div>","key_press":-1,"possible_responses":"none","stim_duration":1000,"block_duration":1000,"timing_post_trial":1000,"trial_id":"feedback","trial_type":"poldrack-single-stim","trial_index":74,"time_elapsed":197139,"internal_node_id":"0.0-74.0","exp_id":"digit-span","full_screen":true,"focus_shifts":0},{"rt":-1,"stimulus":"<div class = centerbox><div class = center-text>5 Digits</p></div>","key_press":-1,"possible_responses":"none","stim_duration":1000,"block_duration":1000,"timing_post_trial":1000,"trial_id":"test_intro","trial_type":"poldrack-single-stim","trial_index":75,"time_elapsed":199142,"internal_node_id":"0.0-75.0","exp_id":"digit-span","full_screen":true,"focus_shifts":0},{"rt":"[-1]","stimuli":"[\"<div class = centerbox><div class = digit-span-text>3</div></div>\",\"<div class = centerbox><div class = digit-span-text>7</div></div>\",\"<div class = centerbox><div class = digit-span-text>3</div></div>\",\"<div class = centerbox><div class = digit-span-text>7</div></div>\",\"<div class = centerbox><div class = digit-span-text>3</div></div>\"]","key_presses":"[-1]","possible_responses":[["none"]],"stim_durations":"[800,800,800,800,800]","block_duration":5000,"timing_post_trial":0,"trial_id":"stim","exp_stage":"test","trial_type":"poldrack-multi-stim-multi-response","trial_index":76,"time_elapsed":205144,"internal_node_id":"0.0-76.0","sequence":[3,7,3,7,3],"num_digits":5,"exp_id":"digit-span","full_screen":true,"focus_shifts":0},{"rt":11973,"mouse_click":"SubmitButton","stim_duration":11973,"block_duration":11973,"timing_post_trial":500,"trial_id":"response","exp_stage":"test","trial_type":"single-stim-button","trial_index":77,"time_elapsed":217120,"internal_node_id":"0.0-77.0","response":[3,7,3,7,3],"sequence":[3,7,3,7,3],"num_digits":5,"condition":"reverse","correct":true,"exp_id":"digit-span","full_screen":true,"focus_shifts":0},{"rt":-1,"stimulus":"<div class = centerbox><div class = center-text><span style=\"color:green\">Correct!</span></div></div>","key_press":-1,"possible_responses":"none","stim_duration":1000,"block_duration":1000,"timing_post_trial":1000,"trial_id":"feedback","trial_type":"poldrack-single-stim","trial_index":78,"time_elapsed":218622,"internal_node_id":"0.0-78.0","exp_id":"digit-span","full_screen":true,"focus_shifts":0},{"rt":-1,"stimulus":"<div class = centerbox><div class = center-text>6 Digits</p></div>","key_press":-1,"possible_responses":"none","stim_duration":1000,"block_duration":1000,"timing_post_trial":1000,"trial_id":"test_intro","trial_type":"poldrack-single-stim","trial_index":79,"time_elapsed":220626,"internal_node_id":"0.0-79.0","exp_id":"digit-span","full_screen":true,"focus_shifts":0},{"rt":"[-1]","stimuli":"[\"<div class = centerbox><div class = digit-span-text>5</div></div>\",\"<div class = centerbox><div class = digit-span-text>2</div></div>\",\"<div class = centerbox><div class = digit-span-text>8</div></div>\",\"<div class = centerbox><div class = digit-span-text>1</div></div>\",\"<div class = centerbox><div class = digit-span-text>5</div></div>\",\"<div class = centerbox><div class = digit-span-text>2</div></div>\"]","key_presses":"[-1]","possible_responses":[["none"]],"stim_durations":"[800,800,800,800,800,800]","block_duration":6000,"timing_post_trial":0,"trial_id":"stim","exp_stage":"test","trial_type":"poldrack-multi-stim-multi-response","trial_index":80,"time_elapsed":227629,"internal_node_id":"0.0-80.0","sequence":[5,2,8,1,5,2],"num_digits":6,"exp_id":"digit-span","full_screen":true,"focus_shifts":0},{"rt":10721,"mouse_click":"SubmitButton","stim_duration":10721,"block_duration":10721,"timing_post_trial":500,"trial_id":"response","exp_stage":"test","trial_type":"single-stim-button","trial_index":81,"time_elapsed":238354,"internal_node_id":"0.0-81.0","response":[2,5,1,8,2,5],"sequence":[5,2,8,1,5,2],"num_digits":6,"condition":"reverse","correct":true,"exp_id":"digit-span","full_screen":true,"focus_shifts":0},{"rt":-1,"stimulus":"<div class = centerbox><div class = center-text><span style=\"color:green\">Correct!</span></div></div>","key_press":-1,"possible_responses":"none","stim_duration":1000,"block_duration":1000,"timing_post_trial":1000,"trial_id":"feedback","trial_type":"poldrack-single-stim","trial_index":82,"time_elapsed":239856,"internal_node_id":"0.0-82.0","exp_id":"digit-span","full_screen":true,"focus_shifts":0},{"rt":7281,"responses":"{\"Q0\":\"albert\",\"Q1\":\"bbb\"}","trial_id":"post task questions","trial_type":"survey-text","trial_index":83,"time_elapsed":248153,"internal_node_id":"0.0-83.0","exp_id":"digit-span","full_screen":true,"focus_shifts":0},{"text":"<div class = centerbox><p class = center-block-text>Thanks for completing this task!</p><p class = center-block-text>Press <strong>enter</strong> to continue.</p></div>","rt":677,"key_press":13,"block_duration":677,"timing_post_trial":0,"trial_id":"end","exp_id":"digit-span","trial_type":"poldrack-text","trial_index":84,"time_elapsed":249832,"internal_node_id":"0.0-84.0","full_screen":true,"focus_shifts":0}]