[{"text":"<div class = centerbox><p class = center-block-text>Welcome to the experiment. This experiment will take less than 10 minutes. Press <strong>enter</strong> to begin.</p></div>","rt":20388,"key_press":13,"block_duration":20388,"timing_post_trial":0,"trial_id":"instruction","trial_type":"poldrack-text","trial_index":0,"time_elapsed":20392,"internal_node_id":"0.0-0.0-0.0","exp_id":"digit-span","full_screen":true,"focus_shifts":0},{"view_history":"[{\"page_index\":0,\"viewing_time\":20961}]","rt":20962,"trial_id":"instruction","trial_type":"poldrack-instructions","trial_index":1,"time_elapsed":41355,"internal_node_id":"0.0-0.0-1.0","exp_id":"digit-span","full_screen":true,"focus_shifts":0},{"rt":-1,"stimulus":"<div class = centerbox><div class = center-text>3 Digits</p></div>","key_press":-1,"possible_responses":"none","stim_duration":1000,"block_duration":1000,"timing_post_trial":1000,"trial_id":"test_intro","trial_type":"poldrack-single-stim","trial_index":2,"time_elapsed":43362,"internal_node_id":"0.0-1.0","exp_id":"digit-span","full_screen":true,"focus_shifts":0},{"rt":"[-1]","stimuli":"[\"<div class = centerbox><div class = digit-span-text>6</div></div>\",\"<div class = centerbox><div class = digit-span-text>1</div></div>\",\"<div class = centerbox><div class = digit-span-text>9</div></div>\"]","key_presses":"[-1]","possible_responses":[["none"]],"stim_durations":"[800,800,800]","block_duration":3000,"timing_post_trial":0,"trial_id":"stim","exp_stage":"test","trial_type":"poldrack-multi-stim-multi-response","trial_index":3,"time_elapsed":47365,"internal_node_id":"0.0-2.0","sequence":[6,1,9],"num_digits":3,"exp_id":"digit-span","full_screen":true,"focus_shifts":0},{"rt":4732,"mouse_click":"SubmitButton","stim_duration":4732,"block_duration":4732,"timing_post_trial":500,"trial_id":"response","exp_stage":"test","trial_type":"single-stim-button","trial_index":4,"time_elapsed":52099,"internal_node_id":"0.0-3.0","response":[6,1,9],"sequence":[6,1,9],"num_digits":3,"condition":"forward","correct":true,"exp_id":"digit-span","full_screen":true,"focus_shifts":0},{"rt":-1,"stimulus":"<div class = centerbox><div class = center-text><span style=\"color:green\">Correct!</span></div></div>","key_press":-1,"possible_responses":"none","stim_duration":1000,"block_duration":1000,"timing_post_trial":1000,"trial_id":"feedback","trial_type":"poldrack-single-stim","trial_index":5,"time_elapsed":53606,"internal_node_id":"0.0-4.0","exp_id":"digit-span","full_screen":true,"focus_shifts":0},{"rt":-1,"stimulus":"<div class = centerbox><div class = center-text>4 Digits</p></div>","key_press":-1,"possible_responses":"none","stim_duration":1000,"block_duration":1000,"timing_post_trial":1000,"trial_id":"test_intro","trial_type":"poldrack-single-stim","trial_index":6,"time_elapsed":55615,"internal_node_id":"0.0-5.0","exp_id":"digit-span","full_screen":true,"focus_shifts":0},{"rt":"[-1]","stimuli":"[\"<div class = centerbox><div class = digit-span-text>5</div></div>\",\"<div class = centerbox><div class = digit-span-text>2</div></div>\",\"<div class = centerbox><div class = digit-span-text>8</div></div>\",\"<div class = centerbox><div class = digit-span-text>4</div></div>\"]","key_presses":"[-1]","possible_responses":[["none"]],"stim_durations":"[800,800,800,800]","block_duration":4000,"timing_post_trial":0,"trial_id":"stim","exp_stage":"test","trial_type":"poldrack-multi-stim-multi-response","trial_index":7,"time_elapsed":60625,"internal_node_id":"0.0-6.0","sequence":[5,2,8,4],"num_digits":4,"exp_id":"digit-span","full_screen":true,"focus_shifts":0},{"rt":5317,"mouse_click":"SubmitButton","stim_duration":5317,"block_duration":5317,"timing_post_trial":500,"trial_id":"response","exp_stage":"test","trial_type":"single-stim-button","trial_index":8,"time_elapsed":65943,"internal_node_id":"0.0-7.0","response":[5,2,8,4],"sequence":[5,2,8,4],"num_digits":4,"condition":"forward","correct":true,"exp_id":"digit-span","full_screen":true,"focus_shifts":0},{"rt":-1,"stimulus":"<div class = centerbox><div class = center-text><span style=\"color:green\">Correct!</span></div></div>","key_press":-1,"possible_responses":"none","stim_duration":1000,"block_duration":1000,"timing_post_trial":1000,"trial_id":"feedback","trial_type":"poldrack-single-stim","trial_index":9,"time_elapsed":67450,"internal_node_id":"0.0-8.0","exp_id":"digit-span","full_screen":true,"focus_shifts":0},{"rt":-1,"stimulus":"<div class = centerbox><div class = center-text>5 Digits</p></div>","key_press":-1,"possible_responses":"none","stim_duration":1000,"block_duration":1000,"timing_post_trial":1000,"trial_id":"test_intro","trial_type":"poldrack-single-stim","trial_index":10,"time_elapsed":69458,"internal_node_id":"0.0-9.0","exp_id":"digit-span","full_screen":true,"focus_shifts":0},{"rt":"[-1]","stimuli":"[\"<div class = centerbox><div class = digit-span-text>3</div></div>\",\"<div class = centerbox><div class = digit-span-text>9</div></div>\",\"<div class = centerbox><div class = digit-span-text>3</div></div>\",\"<div class = centerbox><div class = digit-span-text>6</div></div>\",\"<div class = centerbox><div class = digit-span-text>3</div></div>\"]","key_presses":"[-1]","possible_responses":[["none"]],"stim_durations":"[800,800,800,800,800]","block_duration":5000,"timing_post_trial":0,"trial_id":"stim","exp_stage":"test","trial_type":"poldrack-multi-stim-multi-response","trial_index":11,"time_elapsed":75463,"internal_node_id":"0.0-10.0","sequence":[3,9,3,6,3],"num_digits":5,"exp_id":"digit-span","full_screen":true,"focus_shifts":0},{"rt":6722,"mouse_click":"SubmitButton","stim_duration":6722,"block_duration":6722,"timing_post_trial":500,"trial_id":"response","exp_stage":"test","trial_type":"single-stim-button","trial_index":12,"time_elapsed":82186,"internal_node_id":"0.0-11.0","response":[3,9,3,6,3],"sequence":[3,9,3,6,3],"num_digits":5,"condition":"forward","correct":true,"exp_id":"digit-span","full_screen":true,"focus_shifts":0},{"rt":-1,"stimulus":"<div class = centerbox><div class = center-text><span style=\"color:green\">Correct!</span></div></div>","key_press":-1,"possible_responses":"none","stim_duration":1000,"block_duration":1000,"timing_post_trial":1000,"trial_id":"feedback","trial_type":"poldrack-single-stim","trial_index":13,"time_elapsed":83693,"internal_node_id":"0.0-12.0","exp_id":"digit-span","full_screen":true,"focus_shifts":0},{"rt":-1,"stimulus":"<div class = centerbox><div class = center-text>6 Digits</p></div>","key_press":-1,"possible_responses":"none","stim_duration":1000,"block_duration":1000,"timing_post_trial":1000,"trial_id":"test_intro","trial_type":"poldrack-single-stim","trial_index":14,"time_elapsed":85701,"internal_node_id":"0.0-13.0","exp_id":"digit-span","full_screen":true,"focus_shifts":0},{"rt":"[-1]","stimuli":"[\"<div class = centerbox><div class = digit-span-text>5</div></div>\",\"<div class = centerbox><div class = digit-span-text>2</div></div>\",\"<div class = centerbox><div class = digit-span-text>9</div></div>\",\"<div class = centerbox><div class = digit-span-text>4</div></div>\",\"<div class = centerbox><div class = digit-span-text>9</div></div>\",\"<div class = centerbox><div class = digit-span-text>5</div></div>\"]","key_presses":"[-1]","possible_responses":[["none"]],"stim_durations":"[800,800,800,800,800,800]","block_duration":6000,"timing_post_trial":0,"trial_id":"stim","exp_stage":"test","trial_type":"poldrack-multi-stim-multi-response","trial_index":15,"time_elapsed":92709,"internal_node_id":"0.0-14.0","sequence":[5,2,9,4,9,5],"num_digits":6,"exp_id":"digit-span","full_screen":true,"focus_shifts":0},{"rt":6699,"mouse_click":"SubmitButton","stim_duration":6699,"block_duration":6699,"timing_post_trial":500,"trial_id":"response","exp_stage":"test","trial_type":"single-stim-button","trial_index":16,"time_elapsed":99409,"internal_node_id":"0.0-15.0","response":[5,2,9,4,9,5],"sequence":[5,2,9,4,9,5],"num_digits":6,"condition":"forward","correct":true,"exp_id":"digit-span","full_screen":true,"focus_shifts":0},{"rt":-1,"stimulus":"<div class = centerbox><div class = center-text><span style=\"color:green\">Correct!</span></div></div>","key_press":-1,"possible_responses":"none","stim_duration":1000,"block_duration":1000,"timing_post_trial":1000,"trial_id":"feedback","trial_type":"poldrack-single-stim","trial_index":17,"time_elapsed":100916,"internal_node_id":"0.0-16.0","exp_id":"digit-span","full_screen":true,"focus_shifts":0},{"rt":-1,"stimulus":"<div class = centerbox><div class = center-text>7 Digits</p></div>","key_press":-1,"possible_responses":"none","stim_duration":1000,"block_duration":1000,"timing_post_trial":1000,"trial_id":"test_intro","trial_type":"poldrack-single-stim","trial_index":18,"time_elapsed":102926,"internal_node_id":"0.0-17.0","exp_id":"digit-span","full_screen":true,"focus_shifts":0},{"rt":"[-1]","stimuli":"[\"<div class = centerbox><div class = digit-span-text>8</div></div>\",\"<div class = centerbox><div class = digit-span-text>1</div></div>\",\"<div class = centerbox><div class = digit-span-text>8</div></div>\",\"<div class = centerbox><div class = digit-span-text>5</div></div>\",\"<div class = centerbox><div class = digit-span-text>2</div></div>\",\"<div class = centerbox><div class = digit-span-text>7</div></div>\",\"<div class = centerbox><div class = digit-span-text>3</div></div>\"]","key_presses":"[-1]","possible_responses":[["none"]],"stim_durations":"[800,800,800,800,800,800,800]","block_duration":7000,"timing_post_trial":0,"trial_id":"stim","exp_stage":"test","trial_type":"poldrack-multi-stim-multi-response","trial_index":19,"time_elapsed":110931,"internal_node_id":"0.0-18.0","sequence":[8,1,8,5,2,7,3],"num_digits":7,"exp_id":"digit-span","full_screen":true,"focus_shifts":0},{"rt":9302,"mouse_click":"SubmitButton","stim_duration":9302,"block_duration":9302,"timing_post_trial":500,"trial_id":"response","exp_stage":"test","trial_type":"single-stim-button","trial_index":20,"time_elapsed":120237,"internal_node_id":"0.0-19.0","response":[8,1,8,5,2,7,2,3],"sequence":[8,1,8,5,2,7,3],"num_digits":7,"condition":"forward","correct":false,"exp_id":"digit-span","full_screen":true,"focus_shifts":0},{"rt":-1,"stimulus":"<div class = centerbox><div class = center-text><span style=\"color:red\">Incorrect</span></div></div>","key_press":-1,"possible_responses":"none","stim_duration":1000,"block_duration":1000,"timing_post_trial":1000,"trial_id":"feedback","trial_type":"poldrack-single-stim","trial_index":21,"time_elapsed":121744,"internal_node_id":"0.0-20.0","exp_id":"digit-span","full_screen":true,"focus_shifts":0},{"rt":-1,"stimulus":"<div class = centerbox><div class = center-text>7 Digits</p></div>","key_press":-1,"possible_responses":"none","stim_duration":1000,"block_duration":1000,"timing_post_trial":1000,"trial_id":"test_intro","trial_type":"poldrack-single-stim","trial_index":22,"time_elapsed":123754,"internal_node_id":"0.0-21.0","exp_id":"digit-span","full_screen":true,"focus_shifts":0},{"rt":"[-1]","stimuli":"[\"<div class = centerbox><div class = digit-span-text>7</div></div>\",\"<div class = centerbox><div class = digit-span-text>3</div></div>\",\"<div class = centerbox><div class = digit-span-text>6</div></div>\",\"<div class = centerbox><div class = digit-span-text>2</div></div>\",\"<div class = centerbox><div class = digit-span-text>6</div></div>\",\"<div class = centerbox><div class = digit-span-text>9</div></div>\",\"<div class = centerbox><div class = digit-span-text>4</div></div>\"]","key_presses":"[-1]","possible_responses":[["none"]],"stim_durations":"[800,800,800,800,800,800,800]","block_duration":7000,"timing_post_trial":0,"trial_id":"stim","exp_stage":"test","trial_type":"poldrack-multi-stim-multi-response","trial_index":23,"time_elapsed":131763,"internal_node_id":"0.0-22.0","sequence":[7,3,6,2,6,9,4],"num_digits":7,"exp_id":"digit-span","full_screen":true,"focus_shifts":0},{"rt":7496,"mouse_click":"SubmitButton","stim_duration":7496,"block_duration":7496,"timing_post_trial":500,"trial_id":"response","exp_stage":"test","trial_type":"single-stim-button","trial_index":24,"time_elapsed":139260,"internal_node_id":"0.0-23.0","response":[7,3,6,2,7,9,3],"sequence":[7,3,6,2,6,9,4],"num_digits":7,"condition":"forward","correct":false,"exp_id":"digit-span","full_screen":true,"focus_shifts":0},{"rt":-1,"stimulus":"<div class = centerbox><div class = center-text><span style=\"color:red\">Incorrect</span></div></div>","key_press":-1,"possible_responses":"none","stim_duration":1000,"block_duration":1000,"timing_post_trial":1000,"trial_id":"feedback","trial_type":"poldrack-single-stim","trial_index":25,"time_elapsed":140766,"internal_node_id":"0.0-24.0","exp_id":"digit-span","full_screen":true,"focus_shifts":0},{"rt":-1,"stimulus":"<div class = centerbox><div class = center-text>6 Digits</p></div>","key_press":-1,"possible_responses":"none","stim_duration":1000,"block_duration":1000,"timing_post_trial":1000,"trial_id":"test_intro","trial_type":"poldrack-single-stim","trial_index":26,"time_elapsed":142774,"internal_node_id":"0.0-25.0","exp_id":"digit-span","full_screen":true,"focus_shifts":0},{"rt":"[-1]","stimuli":"[\"<div class = centerbox><div class = digit-span-text>8</div></div>\",\"<div class = centerbox><div class = digit-span-text>5</div></div>\",\"<div class = centerbox><div class = digit-span-text>1</div></div>\",\"<div class = centerbox><div class = digit-span-text>9</div></div>\",\"<div class = centerbox><div class = digit-span-text>3</div></div>\",\"<div class = centerbox><div class = digit-span-text>6</div></div>\"]","key_presses":"[-1]","possible_responses":[["none"]],"stim_durations":"[800,800,800,800,800,800]","block_duration":6000,"timing_post_trial":0,"trial_id":"stim","exp_stage":"test","trial_type":"poldrack-multi-stim-multi-response","trial_index":27,"time_elapsed":149782,"internal_node_id":"0.0-26.0","sequence":[8,5,1,9,3,6],"num_digits":6,"exp_id":"digit-span","full_screen":true,"focus_shifts":0},{"rt":5713,"mouse_click":"SubmitButton","stim_duration":5713,"block_duration":5713,"timing_post_trial":500,"trial_id":"response","exp_stage":"test","trial_type":"single-stim-button","trial_index":28,"time_elapsed":155496,"internal_node_id":"0.0-27.0","response":[8,1,5,9,3,6],"sequence":[8,5,1,9,3,6],"num_digits":6,"condition":"forward","correct":false,"exp_id":"digit-span","full_screen":true,"focus_shifts":0},{"rt":-1,"stimulus":"<div class = centerbox><div class = center-text><span style=\"color:red\">Incorrect</span></div></div>","key_press":-1,"possible_responses":"none","stim_duration":1000,"block_duration":1000,"timing_post_trial":1000,"trial_id":"feedback","trial_type":"poldrack-single-stim","trial_index":29,"time_elapsed":157001,"internal_node_id":"0.0-28.0","exp_id":"digit-span","full_screen":true,"focus_shifts":0},{"rt":-1,"stimulus":"<div class = centerbox><div class = center-text>6 Digits</p></div>","key_press":-1,"possible_responses":"none","stim_duration":1000,"block_duration":1000,"timing_post_trial":1000,"trial_id":"test_intro","trial_type":"poldrack-single-stim","trial_index":30,"time_elapsed":159009,"internal_node_id":"0.0-29.0","exp_id":"digit-span","full_screen":true,"focus_shifts":0},{"rt":"[-1]","stimuli":"[\"<div class = centerbox><div class = digit-span-text>9</div></div>\",\"<div class = centerbox><div class = digit-span-text>4</div></div>\",\"<div class = centerbox><div class = digit-span-text>8</div></div>\",\"<div class = centerbox><div class = digit-span-text>5</div></div>\",\"<div class = centerbox><div class = digit-span-text>2</div></div>\",\"<div class = centerbox><div class = digit-span-text>9</div></div>\"]","key_presses":"[-1]","possible_responses":[["none"]],"stim_durations":"[800,800,800,800,800,800]","block_duration":6000,"timing_post_trial":0,"trial_id":"stim","exp_stage":"test","trial_type":"poldrack-multi-stim-multi-response","trial_index":31,"time_elapsed":166015,"internal_node_id":"0.0-30.0","sequence":[9,4,8,5,2,9],"num_digits":6,"exp_id":"digit-span","full_screen":true,"focus_shifts":0},{"rt":12021,"mouse_click":"SubmitButton","stim_duration":12021,"block_duration":12021,"timing_post_trial":500,"trial_id":"response","exp_stage":"test","trial_type":"single-stim-button","trial_index":32,"time_elapsed":178037,"internal_node_id":"0.0-31.0","response":[9,4,8,9,6,3],"sequence":[9,4,8,5,2,9],"num_digits":6,"condition":"forward","correct":false,"exp_id":"digit-span","full_screen":true,"focus_shifts":0},{"rt":-1,"stimulus":"<div class = centerbox><div class = center-text><span style=\"color:red\">Incorrect</span></div></div>","key_press":-1,"possible_responses":"none","stim_duration":1000,"block_duration":1000,"timing_post_trial":1000,"trial_id":"feedback","trial_type":"poldrack-single-stim","trial_index":33,"time_elapsed":179545,"internal_node_id":"0.0-32.0","exp_id":"digit-span","full_screen":true,"focus_shifts":0},{"rt":-1,"stimulus":"<div class = centerbox><div class = center-text>5 Digits</p></div>","key_press":-1,"possible_responses":"none","stim_duration":1000,"block_duration":1000,"timing_post_trial":1000,"trial_id":"test_intro","trial_type":"poldrack-single-stim","trial_index":34,"time_elapsed":181553,"internal_node_id":"0.0-33.0","exp_id":"digit-span","full_screen":true,"focus_shifts":0},{"rt":"[-1]","stimuli":"[\"<div class = centerbox><div class = digit-span-text>4</div></div>\",\"<div class = centerbox><div class = digit-span-text>1</div></div>\",\"<div class = centerbox><div class = digit-span-text>8</div></div>\",\"<div class = centerbox><div class = digit-span-text>2</div></div>\",\"<div class = centerbox><div class = digit-span-text>5</div></div>\"]","key_presses":"[-1]","possible_responses":[["none"]],"stim_durations":"[800,800,800,800,800]","block_duration":5000,"timing_post_trial":0,"trial_id":"stim","exp_stage":"test","trial_type":"poldrack-multi-stim-multi-response","trial_index":35,"time_elapsed":187563,"internal_node_id":"0.0-34.0","sequence":[4,1,8,2,5],"num_digits":5,"exp_id":"digit-span","full_screen":true,"focus_shifts":0},{"rt":5695,"mouse_click":"SubmitButton","stim_duration":5695,"block_duration":5695,"timing_post_trial":500,"trial_id":"response","exp_stage":"test","trial_type":"single-stim-button","trial_index":36,"time_elapsed":193259,"internal_node_id":"0.0-35.0","response":[4,1,8,2,5],"sequence":[4,1,8,2,5],"num_digits":5,"condition":"forward","correct":true,"exp_id":"digit-span","full_screen":true,"focus_shifts":0},{"rt":-1,"stimulus":"<div class = centerbox><div class = center-text><span style=\"color:green\">Correct!</span></div></div>","key_press":-1,"possible_responses":"none","stim_duration":1000,"block_duration":1000,"timing_post_trial":1000,"trial_id":"feedback","trial_type":"poldrack-single-stim","trial_index":37,"time_elapsed":194766,"internal_node_id":"0.0-36.0","exp_id":"digit-span","full_screen":true,"focus_shifts":0},{"rt":-1,"stimulus":"<div class = centerbox><div class = center-text>6 Digits</p></div>","key_press":-1,"possible_responses":"none","stim_duration":1000,"block_duration":1000,"timing_post_trial":1000,"trial_id":"test_intro","trial_type":"poldrack-single-stim","trial_index":38,"time_elapsed":196776,"internal_node_id":"0.0-37.0","exp_id":"digit-span","full_screen":true,"focus_shifts":0},{"rt":"[-1]","stimuli":"[\"<div class = centerbox><div class = digit-span-text>4</div></div>\",\"<div class = centerbox><div class = digit-span-text>1</div></div>\",\"<div class = centerbox><div class = digit-span-text>6</div></div>\",\"<div class = centerbox><div class = digit-span-text>2</div></div>\",\"<div class = centerbox><div class = digit-span-text>6</div></div>\",\"<div class = centerbox><div class = digit-span-text>9</div></div>\"]","key_presses":"[-1]","possible_responses":[["none"]],"stim_durations":"[800,800,800,800,800,800]","block_duration":6000,"timing_post_trial":0,"trial_id":"stim","exp_stage":"test","trial_type":"poldrack-multi-stim-multi-response","trial_index":39,"time_elapsed":203781,"internal_node_id":"0.0-38.0","sequence":[4,1,6,2,6,9],"num_digits":6,"exp_id":"digit-span","full_screen":true,"focus_shifts":0},{"rt":5795,"mouse_click":"SubmitButton","stim_duration":5795,"block_duration":5795,"timing_post_trial":500,"trial_id":"response","exp_stage":"test","trial_type":"single-stim-button","trial_index":40,"time_elapsed":209576,"internal_node_id":"0.0-39.0","response":[4,1,6,2,6,9],"sequence":[4,1,6,2,6,9],"num_digits":6,"condition":"forward","correct":true,"exp_id":"digit-span","full_screen":true,"focus_shifts":0},{"rt":-1,"stimulus":"<div class = centerbox><div class = center-text><span style=\"color:green\">Correct!</span></div></div>","key_press":-1,"possible_responses":"none","stim_duration":1000,"block_duration":1000,"timing_post_trial":1000,"trial_id":"feedback","trial_type":"poldrack-single-stim","trial_index":41,"time_elapsed":211082,"internal_node_id":"0.0-40.0","exp_id":"digit-span","full_screen":true,"focus_shifts":0},{"text":"<div class = centerbox><p class = block-text>In these next trials, instead of reporting back the sequence you just saw, report the <strong>reverse</strong> of that sequence. So the last item should be first in your response, the second to last should be the second in your response, etc...</p><p class = block-text>Press <strong>enter</strong> to begin.</p></div>","rt":10127,"key_press":13,"block_duration":10127,"timing_post_trial":1000,"trial_id":"start_reverse","trial_type":"poldrack-text","trial_index":42,"time_elapsed":222213,"internal_node_id":"0.0-42.0","exp_id":"digit-span","full_screen":true,"focus_shifts":0},{"rt":-1,"stimulus":"<div class = centerbox><div class = center-text>3 Digits</p></div>","key_press":-1,"possible_responses":"none","stim_duration":1000,"block_duration":1000,"timing_post_trial":1000,"trial_id":"test_intro","trial_type":"poldrack-single-stim","trial_index":43,"time_elapsed":224219,"internal_node_id":"0.0-43.0","exp_id":"digit-span","full_screen":true,"focus_shifts":0},{"rt":"[-1]","stimuli":"[\"<div class = centerbox><div class = digit-span-text>5</div></div>\",\"<div class = centerbox><div class = digit-span-text>8</div></div>\",\"<div class = centerbox><div class = digit-span-text>2</div></div>\"]","key_presses":"[-1]","possible_responses":[["none"]],"stim_durations":"[800,800,800]","block_duration":3000,"timing_post_trial":0,"trial_id":"stim","exp_stage":"test","trial_type":"poldrack-multi-stim-multi-response","trial_index":44,"time_elapsed":228225,"internal_node_id":"0.0-44.0","sequence":[5,8,2],"num_digits":3,"exp_id":"digit-span","full_screen":true,"focus_shifts":0},{"rt":7244,"mouse_click":"SubmitButton","stim_duration":7244,"block_duration":7244,"timing_post_trial":500,"trial_id":"response","exp_stage":"test","trial_type":"single-stim-button","trial_index":45,"time_elapsed":235469,"internal_node_id":"0.0-45.0","response":[2,8,5],"sequence":[5,8,2],"num_digits":3,"condition":"reverse","correct":true,"exp_id":"digit-span","full_screen":true,"focus_shifts":0},{"rt":-1,"stimulus":"<div class = centerbox><div class = center-text><span style=\"color:green\">Correct!</span></div></div>","key_press":-1,"possible_responses":"none","stim_duration":1000,"block_duration":1000,"timing_post_trial":1000,"trial_id":"feedback","trial_type":"poldrack-single-stim","trial_index":46,"time_elapsed":236973,"internal_node_id":"0.0-46.0","exp_id":"digit-span","full_screen":true,"focus_shifts":0},{"rt":-1,"stimulus":"<div class = centerbox><div class = center-text>4 Digits</p></div>","key_press":-1,"possible_responses":"none","stim_duration":1000,"block_duration":1000,"timing_post_trial":1000,"trial_id":"test_intro","trial_type":"poldrack-single-stim","trial_index":47,"time_elapsed":238981,"internal_node_id":"0.0-47.0","exp_id":"digit-span","full_screen":true,"focus_shifts":0},{"rt":"[-1]","stimuli":"[\"<div class = centerbox><div class = digit-span-text>8</div></div>\",\"<div class = centerbox><div class = digit-span-text>4</div></div>\",\"<div class = centerbox><div class = digit-span-text>9</div></div>\",\"<div class = centerbox><div class = digit-span-text>1</div></div>\"]","key_presses":"[-1]","possible_responses":[["none"]],"stim_durations":"[800,800,800,800]","block_duration":4000,"timing_post_trial":0,"trial_id":"stim","exp_stage":"test","trial_type":"poldrack-multi-stim-multi-response","trial_index":48,"time_elapsed":243991,"internal_node_id":"0.0-48.0","sequence":[8,4,9,1],"num_digits":4,"exp_id":"digit-span","full_screen":true,"focus_shifts":0},{"rt":9304,"mouse_click":"SubmitButton","stim_duration":9304,"block_duration":9304,"timing_post_trial":500,"trial_id":"response","exp_stage":"test","trial_type":"single-stim-button","trial_index":49,"time_elapsed":253296,"internal_node_id":"0.0-49.0","response":[1,9,4,8],"sequence":[8,4,9,1],"num_digits":4,"condition":"reverse","correct":true,"exp_id":"digit-span","full_screen":true,"focus_shifts":0},{"rt":-1,"stimulus":"<div class = centerbox><div class = center-text><span style=\"color:green\">Correct!</span></div></div>","key_press":-1,"possible_responses":"none","stim_duration":1000,"block_duration":1000,"timing_post_trial":1000,"trial_id":"feedback","trial_type":"poldrack-single-stim","trial_index":50,"time_elapsed":254802,"internal_node_id":"0.0-50.0","exp_id":"digit-span","full_screen":true,"focus_shifts":0},{"rt":-1,"stimulus":"<div class = centerbox><div class = center-text>5 Digits</p></div>","key_press":-1,"possible_responses":"none","stim_duration":1000,"block_duration":1000,"timing_post_trial":1000,"trial_id":"test_intro","trial_type":"poldrack-single-stim","trial_index":51,"time_elapsed":256807,"internal_node_id":"0.0-51.0","exp_id":"digit-span","full_screen":true,"focus_shifts":0},{"rt":"[-1]","stimuli":"[\"<div class = centerbox><div class = digit-span-text>9</div></div>\",\"<div class = centerbox><div class = digit-span-text>2</div></div>\",\"<div class = centerbox><div class = digit-span-text>6</div></div>\",\"<div class = centerbox><div class = digit-span-text>1</div></div>\",\"<div class = centerbox><div class = digit-span-text>4</div></div>\"]","key_presses":"[-1]","possible_responses":[["none"]],"stim_durations":"[800,800,800,800,800]","block_duration":5000,"timing_post_trial":0,"trial_id":"stim","exp_stage":"test","trial_type":"poldrack-multi-stim-multi-response","trial_index":52,"time_elapsed":262815,"internal_node_id":"0.0-52.0","sequence":[9,2,6,1,4],"num_digits":5,"exp_id":"digit-span","full_screen":true,"focus_shifts":0},{"rt":11547,"mouse_click":"SubmitButton","stim_duration":11547,"block_duration":11547,"timing_post_trial":500,"trial_id":"response","exp_stage":"test","trial_type":"single-stim-button","trial_index":53,"time_elapsed":274362,"internal_node_id":"0.0-53.0","response":[4,1,2,6,9],"sequence":[9,2,6,1,4],"num_digits":5,"condition":"reverse","correct":false,"exp_id":"digit-span","full_screen":true,"focus_shifts":0},{"rt":-1,"stimulus":"<div class = centerbox><div class = center-text><span style=\"color:red\">Incorrect</span></div></div>","key_press":-1,"possible_responses":"none","stim_duration":1000,"block_duration":1000,"timing_post_trial":1000,"trial_id":"feedback","trial_type":"poldrack-single-stim","trial_index":54,"time_elapsed":275870,"internal_node_id":"0.0-54.0","exp_id":"digit-span","full_screen":true,"focus_shifts":0},{"rt":-1,"stimulus":"<div class = centerbox><div class = center-text>5 Digits</p></div>","key_press":-1,"possible_responses":"none","stim_duration":1000,"block_duration":1000,"timing_post_trial":1000,"trial_id":"test_intro","trial_type":"poldrack-single-stim","trial_index":55,"time_elapsed":277878,"internal_node_id":"0.0-55.0","exp_id":"digit-span","full_screen":true,"focus_shifts":0},{"rt":"[-1]","stimuli":"[\"<div class = centerbox><div class = digit-span-text>9</div></div>\",\"<div class = centerbox><div class = digit-span-text>4</div></div>\",\"<div class = centerbox><div class = digit-span-text>8</div></div>\",\"<div class = centerbox><div class = digit-span-text>2</div></div>\",\"<div class = centerbox><div class = digit-span-text>9</div></div>\"]","key_presses":"[-1]","possible_responses":[["none"]],"stim_durations":"[800,800,800,800,800]","block_duration":5000,"timing_post_trial":0,"trial_id":"stim","exp_stage":"test","trial_type":"poldrack-multi-stim-multi-response","trial_index":56,"time_elapsed":283887,"internal_node_id":"0.0-56.0","sequence":[9,4,8,2,9],"num_digits":5,"exp_id":"digit-span","full_screen":true,"focus_shifts":0},{"rt":12952,"mouse_click":"SubmitButton","stim_duration":12952,"block_duration":12952,"timing_post_trial":500,"trial_id":"response","exp_stage":"test","trial_type":"single-stim-button","trial_index":57,"time_elapsed":296840,"internal_node_id":"0.0-57.0","response":[9,2,8,4,9],"sequence":[9,4,8,2,9],"num_digits":5,"condition":"reverse","correct":true,"exp_id":"digit-span","full_screen":true,"focus_shifts":0},{"rt":-1,"stimulus":"<div class = centerbox><div class = center-text><span style=\"color:green\">Correct!</span></div></div>","key_press":-1,"possible_responses":"none","stim_duration":1000,"block_duration":1000,"timing_post_trial":1000,"trial_id":"feedback","trial_type":"poldrack-single-stim","trial_index":58,"time_elapsed":298343,"internal_node_id":"0.0-58.0","exp_id":"digit-span","full_screen":true,"focus_shifts":0},{"rt":-1,"stimulus":"<div class = centerbox><div class = center-text>6 Digits</p></div>","key_press":-1,"possible_responses":"none","stim_duration":1000,"block_duration":1000,"timing_post_trial":1000,"trial_id":"test_intro","trial_type":"poldrack-single-stim","trial_index":59,"time_elapsed":300351,"internal_node_id":"0.0-59.0","exp_id":"digit-span","full_screen":true,"focus_shifts":0},{"rt":"[-1]","stimuli":"[\"<div class = centerbox><div class = digit-span-text>9</div></div>\",\"<div class = centerbox><div class = digit-span-text>2</div></div>\",\"<div class = centerbox><div class = digit-span-text>8</div></div>\",\"<div class = centerbox><div class = digit-span-text>2</div></div>\",\"<div class = centerbox><div class = digit-span-text>6</div></div>\",\"<div class = centerbox><div class = digit-span-text>3</div></div>\"]","key_presses":"[-1]","possible_responses":[["none"]],"stim_durations":"[800,800,800,800,800,800]","block_duration":6000,"timing_post_trial":0,"trial_id":"stim","exp_stage":"test","trial_type":"poldrack-multi-stim-multi-response","trial_index":60,"time_elapsed":307356,"internal_node_id":"0.0-60.0","sequence":[9,2,8,2,6,3],"num_digits":6,"exp_id":"digit-span","full_screen":true,"focus_shifts":0},{"rt":13507,"mouse_click":"SubmitButton","stim_duration":13507,"block_duration":13507,"timing_post_trial":500,"trial_id":"response","exp_stage":"test","trial_type":"single-stim-button","trial_index":61,"time_elapsed":320863,"internal_node_id":"0.0-61.0","response":[3,6,2,8,2,9],"sequence":[9,2,8,2,6,3],"num_digits":6,"condition":"reverse","correct":true,"exp_id":"digit-span","full_screen":true,"focus_shifts":0},{"rt":-1,"stimulus":"<div class = centerbox><div class = center-text><span style=\"color:green\">Correct!</span></div></div>","key_press":-1,"possible_responses":"none","stim_duration":1000,"block_duration":1000,"timing_post_trial":1000,"trial_id":"feedback","trial_type":"poldrack-single-stim","trial_index":62,"time_elapsed":322370,"internal_node_id":"0.0-62.0","exp_id":"digit-span","full_screen":true,"focus_shifts":0},{"rt":-1,"stimulus":"<div class = centerbox><div class = center-text>7 Digits</p></div>","key_press":-1,"possible_responses":"none","stim_duration":1000,"block_duration":1000,"timing_post_trial":1000,"trial_id":"test_intro","trial_type":"poldrack-single-stim","trial_index":63,"time_elapsed":324378,"internal_node_id":"0.0-63.0","exp_id":"digit-span","full_screen":true,"focus_shifts":0},{"rt":"[-1]","stimuli":"[\"<div class = centerbox><div class = digit-span-text>9</div></div>\",\"<div class = centerbox><div class = digit-span-text>4</div></div>\",\"<div class = centerbox><div class = digit-span-text>8</div></div>\",\"<div class = centerbox><div class = digit-span-text>1</div></div>\",\"<div class = centerbox><div class = digit-span-text>6</div></div>\",\"<div class = centerbox><div class = digit-span-text>9</div></div>\",\"<div class = centerbox><div class = digit-span-text>6</div></div>\"]","key_presses":"[-1]","possible_responses":[["none"]],"stim_durations":"[800,800,800,800,800,800,800]","block_duration":7000,"timing_post_trial":0,"trial_id":"stim","exp_stage":"test","trial_type":"poldrack-multi-stim-multi-response","trial_index":64,"time_elapsed":332388,"internal_node_id":"0.0-64.0","sequence":[9,4,8,1,6,9,6],"num_digits":7,"exp_id":"digit-span","full_screen":true,"focus_shifts":0},{"rt":15096,"mouse_click":"SubmitButton","stim_duration":15096,"block_duration":15096,"timing_post_trial":500,"trial_id":"response","exp_stage":"test","trial_type":"single-stim-button","trial_index":65,"time_elapsed":347485,"internal_node_id":"0.0-65.0","response":[6,9,6,1,8,4,9],"sequence":[9,4,8,1,6,9,6],"num_digits":7,"condition":"reverse","correct":true,"exp_id":"digit-span","full_screen":true,"focus_shifts":0},{"rt":-1,"stimulus":"<div class = centerbox><div class = center-text><span style=\"color:green\">Correct!</span></div></div>","key_press":-1,"possible_responses":"none","stim_duration":1000,"block_duration":1000,"timing_post_trial":1000,"trial_id":"feedback","trial_type":"poldrack-single-stim","trial_index":66,"time_elapsed":348990,"internal_node_id":"0.0-66.0","exp_id":"digit-span","full_screen":true,"focus_shifts":0},{"rt":-1,"stimulus":"<div class = centerbox><div class = center-text>8 Digits</p></div>","key_press":-1,"possible_responses":"none","stim_duration":1000,"block_duration":1000,"timing_post_trial":1000,"trial_id":"test_intro","trial_type":"poldrack-single-stim","trial_index":67,"time_elapsed":350999,"internal_node_id":"0.0-67.0","exp_id":"digit-span","full_screen":true,"focus_shifts":0},{"rt":"[-1]","stimuli":"[\"<div class = centerbox><div class = digit-span-text>4</div></div>\",\"<div class = centerbox><div class = digit-span-text>1</div></div>\",\"<div class = centerbox><div class = digit-span-text>7</div></div>\",\"<div class = centerbox><div class = digit-span-text>2</div></div>\",\"<div class = centerbox><div class = digit-span-text>7</div></div>\",\"<div class = centerbox><div class = digit-span-text>2</div></div>\",\"<div class = centerbox><div class = digit-span-text>9</div></div>\",\"<div class = centerbox><div class = digit-span-text>4</div></div>\"]","key_presses":"[-1]","possible_responses":[["none"]],"stim_durations":"[800,800,800,800,800,800,800,800]","block_duration":8000,"timing_post_trial":0,"trial_id":"stim","exp_stage":"test","trial_type":"poldrack-multi-stim-multi-response","trial_index":68,"time_elapsed":360006,"internal_node_id":"0.0-68.0","sequence":[4,1,7,2,7,2,9,4],"num_digits":8,"exp_id":"digit-span","full_screen":true,"focus_shifts":0},{"rt":19335,"mouse_click":"SubmitButton","stim_duration":19335,"block_duration":19335,"timing_post_trial":500,"trial_id":"response","exp_stage":"test","trial_type":"single-stim-button","trial_index":69,"time_elapsed":379343,"internal_node_id":"0.0-69.0","response":[4,9,2,7,2,7,1,4],"sequence":[4,1,7,2,7,2,9,4],"num_digits":8,"condition":"reverse","correct":true,"exp_id":"digit-span","full_screen":true,"focus_shifts":0},{"rt":-1,"stimulus":"<div class = centerbox><div class = center-text><span style=\"color:green\">Correct!</span></div></div>","key_press":-1,"possible_responses":"none","stim_duration":1000,"block_duration":1000,"timing_post_trial":1000,"trial_id":"feedback","trial_type":"poldrack-single-stim","trial_index":70,"time_elapsed":380845,"internal_node_id":"0.0-70.0","exp_id":"digit-span","full_screen":true,"focus_shifts":0},{"rt":-1,"stimulus":"<div class = centerbox><div class = center-text>9 Digits</p></div>","key_press":-1,"possible_responses":"none","stim_duration":1000,"block_duration":1000,"timing_post_trial":1000,"trial_id":"test_intro","trial_type":"poldrack-single-stim","trial_index":71,"time_elapsed":382853,"internal_node_id":"0.0-71.0","exp_id":"digit-span","full_screen":true,"focus_shifts":0},{"rt":"[-1]","stimuli":"[\"<div class = centerbox><div class = digit-span-text>4</div></div>\",\"<div class = centerbox><div class = digit-span-text>8</div></div>\",\"<div class = centerbox><div class = digit-span-text>1</div></div>\",\"<div class = centerbox><div class = digit-span-text>6</div></div>\",\"<div class = centerbox><div class = digit-span-text>9</div></div>\",\"<div class = centerbox><div class = digit-span-text>6</div></div>\",\"<div class = centerbox><div class = digit-span-text>9</div></div>\",\"<div class = centerbox><div class = digit-span-text>4</div></div>\",\"<div class = centerbox><div class = digit-span-text>7</div></div>\"]","key_presses":"[-1]","possible_responses":[["none"]],"stim_durations":"[800,800,800,800,800,800,800,800,800]","block_duration":9000,"timing_post_trial":0,"trial_id":"stim","exp_stage":"test","trial_type":"poldrack-multi-stim-multi-response","trial_index":72,"time_elapsed":392864,"internal_node_id":"0.0-72.0","sequence":[4,8,1,6,9,6,9,4,7],"num_digits":9,"exp_id":"digit-span","full_screen":true,"focus_shifts":0},{"rt":22417,"mouse_click":"SubmitButton","stim_duration":22417,"block_duration":22417,"timing_post_trial":500,"trial_id":"response","exp_stage":"test","trial_type":"single-stim-button","trial_index":73,"time_elapsed":415282,"internal_node_id":"0.0-73.0","response":[7,4,9,6,9,4,1,2,7],"sequence":[4,8,1,6,9,6,9,4,7],"num_digits":9,"condition":"reverse","correct":false,"exp_id":"digit-span","full_screen":true,"focus_shifts":0},{"rt":-1,"stimulus":"<div class = centerbox><div class = center-text><span style=\"color:red\">Incorrect</span></div></div>","key_press":-1,"possible_responses":"none","stim_duration":1000,"block_duration":1000,"timing_post_trial":1000,"trial_id":"feedback","trial_type":"poldrack-single-stim","trial_index":74,"time_elapsed":416784,"internal_node_id":"0.0-74.0","exp_id":"digit-span","full_screen":true,"focus_shifts":0},{"rt":-1,"stimulus":"<div class = centerbox><div class = center-text>8 Digits</p></div>","key_press":-1,"possible_responses":"none","stim_duration":1000,"block_duration":1000,"timing_post_trial":1000,"trial_id":"test_intro","trial_type":"poldrack-single-stim","trial_index":75,"time_elapsed":418788,"internal_node_id":"0.0-75.0","exp_id":"digit-span","full_screen":true,"focus_shifts":0},{"rt":"[-1]","stimuli":"[\"<div class = centerbox><div class = digit-span-text>6</div></div>\",\"<div class = centerbox><div class = digit-span-text>3</div></div>\",\"<div class = centerbox><div class = digit-span-text>8</div></div>\",\"<div class = centerbox><div class = digit-span-text>2</div></div>\",\"<div class = centerbox><div class = digit-span-text>9</div></div>\",\"<div class = centerbox><div class = digit-span-text>1</div></div>\",\"<div class = centerbox><div class = digit-span-text>4</div></div>\",\"<div class = centerbox><div class = digit-span-text>1</div></div>\"]","key_presses":"[-1]","possible_responses":[["none"]],"stim_durations":"[800,800,800,800,800,800,800,800]","block_duration":8000,"timing_post_trial":0,"trial_id":"stim","exp_stage":"test","trial_type":"poldrack-multi-stim-multi-response","trial_index":76,"time_elapsed":427794,"internal_node_id":"0.0-76.0","sequence":[6,3,8,2,9,1,4,1],"num_digits":8,"exp_id":"digit-span","full_screen":true,"focus_shifts":0},{"rt":21921,"mouse_click":"SubmitButton","stim_duration":21921,"block_duration":21921,"timing_post_trial":500,"trial_id":"response","exp_stage":"test","trial_type":"single-stim-button","trial_index":77,"time_elapsed":449715,"internal_node_id":"0.0-77.0","response":[1,4,1,9,2,3,8,6],"sequence":[6,3,8,2,9,1,4,1],"num_digits":8,"condition":"reverse","correct":false,"exp_id":"digit-span","full_screen":true,"focus_shifts":0},{"rt":-1,"stimulus":"<div class = centerbox><div class = center-text><span style=\"color:red\">Incorrect</span></div></div>","key_press":-1,"possible_responses":"none","stim_duration":1000,"block_duration":1000,"timing_post_trial":1000,"trial_id":"feedback","trial_type":"poldrack-single-stim","trial_index":78,"time_elapsed":451222,"internal_node_id":"0.0-78.0","exp_id":"digit-span","full_screen":true,"focus_shifts":0},{"rt":-1,"stimulus":"<div class = centerbox><div class = center-text>8 Digits</p></div>","key_press":-1,"possible_responses":"none","stim_duration":1000,"block_duration":1000,"timing_post_trial":1000,"trial_id":"test_intro","trial_type":"poldrack-single-stim","trial_index":79,"time_elapsed":453230,"internal_node_id":"0.0-79.0","exp_id":"digit-span","full_screen":true,"focus_shifts":0},{"rt":"[-1]","stimuli":"[\"<div class = centerbox><div class = digit-span-text>3</div></div>\",\"<div class = centerbox><div class = digit-span-text>8</div></div>\",\"<div class = centerbox><div class = digit-span-text>1</div></div>\",\"<div class = centerbox><div class = digit-span-text>7</div></div>\",\"<div class = centerbox><div class = digit-span-text>1</div></div>\",\"<div class = centerbox><div class = digit-span-text>6</div></div>\",\"<div class = centerbox><div class = digit-span-text>3</div></div>\",\"<div class = centerbox><div class = digit-span-text>6</div></div>\"]","key_presses":"[-1]","possible_responses":[["none"]],"stim_durations":"[800,800,800,800,800,800,800,800]","block_duration":8000,"timing_post_trial":0,"trial_id":"stim","exp_stage":"test","trial_type":"poldrack-multi-stim-multi-response","trial_index":80,"time_elapsed":462237,"internal_node_id":"0.0-80.0","sequence":[3,8,1,7,1,6,3,6],"num_digits":8,"exp_id":"digit-span","full_screen":true,"focus_shifts":0},{"rt":15197,"mouse_click":"SubmitButton","stim_duration":15197,"block_duration":15197,"timing_post_trial":500,"trial_id":"response","exp_stage":"test","trial_type":"single-stim-button","trial_index":81,"time_elapsed":477435,"internal_node_id":"0.0-81.0","response":[6,3,6,1,7,1,8,3],"sequence":[3,8,1,7,1,6,3,6],"num_digits":8,"condition":"reverse","correct":true,"exp_id":"digit-span","full_screen":true,"focus_shifts":0},{"rt":-1,"stimulus":"<div class = centerbox><div class = center-text><span style=\"color:green\">Correct!</span></div></div>","key_press":-1,"possible_responses":"none","stim_duration":1000,"block_duration":1000,"timing_post_trial":1000,"trial_id":"feedback","trial_type":"poldrack-single-stim","trial_index":82,"time_elapsed":478940,"internal_node_id":"0.0-82.0","exp_id":"digit-span","full_screen":true,"focus_shifts":0},{"rt":20274,"responses":"{\"Q0\":\"Sandra Vella\",\"Q1\":\"alexandra.vella@um.edu.mt\"}","trial_id":"post task questions","trial_type":"survey-text","trial_index":83,"time_elapsed":500221,"internal_node_id":"0.0-83.0","exp_id":"digit-span","full_screen":true,"focus_shifts":0},{"text":"<div class = centerbox><p class = center-block-text>Thanks for completing this task!</p><p class = center-block-text>Press <strong>enter</strong> to continue.</p></div>","rt":3538,"key_press":13,"block_duration":3538,"timing_post_trial":0,"trial_id":"end","exp_id":"digit-span","trial_type":"poldrack-text","trial_index":84,"time_elapsed":504761,"internal_node_id":"0.0-84.0","full_screen":true,"focus_shifts":0}]