[{"text":"<div class = centerbox><p class = center-block-text>Welcome to the experiment. This experiment will take less than 10 minutes. Press <strong>enter</strong> to begin.</p></div>","rt":1020,"key_press":13,"block_duration":1020,"timing_post_trial":0,"trial_id":"instruction","trial_type":"poldrack-text","trial_index":0,"time_elapsed":1025,"internal_node_id":"0.0-0.0-0.0","exp_id":"digit-span","full_screen":true,"focus_shifts":1},{"view_history":"[{\"page_index\":0,\"viewing_time\":1498}]","rt":1500,"trial_id":"instruction","trial_type":"poldrack-instructions","trial_index":1,"time_elapsed":2525,"internal_node_id":"0.0-0.0-1.0","exp_id":"digit-span","full_screen":true,"focus_shifts":0},{"rt":-1,"stimulus":"<div class = centerbox><div class = center-text>3 Digits</p></div>","key_press":-1,"possible_responses":"none","stim_duration":1000,"block_duration":1000,"timing_post_trial":1000,"trial_id":"test_intro","trial_type":"poldrack-single-stim","trial_index":2,"time_elapsed":4537,"internal_node_id":"0.0-1.0","exp_id":"digit-span","full_screen":true,"focus_shifts":0},{"rt":"[-1]","stimuli":"[\"<div class = centerbox><div class = digit-span-text>9</div></div>\",\"<div class = centerbox><div class = digit-span-text>2</div></div>\",\"<div class = centerbox><div class = digit-span-text>8</div></div>\"]","key_presses":"[-1]","possible_responses":[["none"]],"stim_durations":"[800,800,800]","block_duration":3000,"timing_post_trial":0,"trial_id":"stim","exp_stage":"test","trial_type":"poldrack-multi-stim-multi-response","trial_index":3,"time_elapsed":8542,"internal_node_id":"0.0-2.0","sequence":[9,2,8],"num_digits":3,"exp_id":"digit-span","full_screen":true,"focus_shifts":0},{"rt":1675,"mouse_click":"SubmitButton","stim_duration":1675,"block_duration":1675,"timing_post_trial":500,"trial_id":"response","exp_stage":"test","trial_type":"single-stim-button","trial_index":4,"time_elapsed":10221,"internal_node_id":"0.0-3.0","response":[],"sequence":[9,2,8],"num_digits":3,"condition":"forward","correct":false,"exp_id":"digit-span","full_screen":true,"focus_shifts":0},{"rt":-1,"stimulus":"<div class = centerbox><div class = center-text><span style=\"color:red\">Incorrect</span></div></div>","key_press":-1,"possible_responses":"none","stim_duration":1000,"block_duration":1000,"timing_post_trial":1000,"trial_id":"feedback","trial_type":"poldrack-single-stim","trial_index":5,"time_elapsed":11727,"internal_node_id":"0.0-4.0","exp_id":"digit-span","full_screen":true,"focus_shifts":0},{"text":"<div class = centerbox><p class = block-text>In these next trials, instead of reporting back the sequence you just saw, report the <strong>reverse</strong> of that sequence. So the last item should be first in your response, the second to last should be the second in your response, etc...</p><p class = block-text>Press <strong>enter</strong> to begin.</p></div>","rt":507,"key_press":13,"block_duration":507,"timing_post_trial":1000,"trial_id":"start_reverse","trial_type":"poldrack-text","trial_index":6,"time_elapsed":13236,"internal_node_id":"0.0-6.0","exp_id":"digit-span","full_screen":true,"focus_shifts":0},{"rt":-1,"stimulus":"<div class = centerbox><div class = center-text>3 Digits</p></div>","key_press":-1,"possible_responses":"none","stim_duration":1000,"block_duration":1000,"timing_post_trial":1000,"trial_id":"test_intro","trial_type":"poldrack-single-stim","trial_index":7,"time_elapsed":15241,"internal_node_id":"0.0-7.0","exp_id":"digit-span","full_screen":true,"focus_shifts":0},{"rt":"[-1]","stimuli":"[\"<div class = centerbox><div class = digit-span-text>8</div></div>\",\"<div class = centerbox><div class = digit-span-text>5</div></div>\",\"<div class = centerbox><div class = digit-span-text>8</div></div>\"]","key_presses":"[-1]","possible_responses":[["none"]],"stim_durations":"[800,800,800]","block_duration":3000,"timing_post_trial":0,"trial_id":"stim","exp_stage":"test","trial_type":"poldrack-multi-stim-multi-response","trial_index":8,"time_elapsed":19245,"internal_node_id":"0.0-8.0","sequence":[8,5,8],"num_digits":3,"exp_id":"digit-span","full_screen":true,"focus_shifts":0},{"rt":2163,"mouse_click":"SubmitButton","stim_duration":2163,"block_duration":2163,"timing_post_trial":500,"trial_id":"response","exp_stage":"test","trial_type":"single-stim-button","trial_index":9,"time_elapsed":21411,"internal_node_id":"0.0-9.0","response":[8,5,8],"sequence":[8,5,8],"num_digits":3,"condition":"reverse","correct":true,"exp_id":"digit-span","full_screen":true,"focus_shifts":0},{"rt":-1,"stimulus":"<div class = centerbox><div class = center-text><span style=\"color:green\">Correct!</span></div></div>","key_press":-1,"possible_responses":"none","stim_duration":1000,"block_duration":1000,"timing_post_trial":1000,"trial_id":"feedback","trial_type":"poldrack-single-stim","trial_index":10,"time_elapsed":22915,"internal_node_id":"0.0-10.0","exp_id":"digit-span","full_screen":true,"focus_shifts":0},{"rt":8075,"responses":"{\"Q0\":\"Albert Gatt\",\"Q1\":\"albert.hgat@um.edu.mt\"}","trial_id":"post task questions","trial_type":"survey-text","trial_index":11,"time_elapsed":32011,"internal_node_id":"0.0-11.0","exp_id":"digit-span","full_screen":true,"focus_shifts":0},{"text":"<div class = centerbox><p class = center-block-text>Thanks for completing this task!</p><p class = center-block-text>Press <strong>enter</strong> to continue.</p></div>","rt":611,"key_press":13,"block_duration":611,"timing_post_trial":0,"trial_id":"end","exp_id":"digit-span","trial_type":"poldrack-text","trial_index":12,"time_elapsed":33626,"internal_node_id":"0.0-12.0","full_screen":true,"focus_shifts":0}]