[{"text":"<div class = centerbox><p class = center-block-text>Welcome to the experiment. This experiment will take less than 10 minutes. Press <strong>enter</strong> to begin.</p></div>","rt":1917,"key_press":13,"block_duration":1917,"timing_post_trial":0,"trial_id":"instruction","trial_type":"poldrack-text","trial_index":0,"time_elapsed":1923,"internal_node_id":"0.0-0.0-0.0","exp_id":"digit-span","full_screen":true,"focus_shifts":0},{"view_history":"[{\"page_index\":0,\"viewing_time\":3451}]","rt":3452,"trial_id":"instruction","trial_type":"poldrack-instructions","trial_index":1,"time_elapsed":5378,"internal_node_id":"0.0-0.0-1.0","exp_id":"digit-span","full_screen":true,"focus_shifts":0},{"rt":-1,"stimulus":"<div class = centerbox><div class = center-text>3 Digits</p></div>","key_press":-1,"possible_responses":"none","stim_duration":1000,"block_duration":1000,"timing_post_trial":1000,"trial_id":"test_intro","trial_type":"poldrack-single-stim","trial_index":2,"time_elapsed":7389,"internal_node_id":"0.0-1.0","exp_id":"digit-span","full_screen":true,"focus_shifts":0},{"rt":"[-1]","stimuli":"[\"<div class = centerbox><div class = digit-span-text>4</div></div>\",\"<div class = centerbox><div class = digit-span-text>9</div></div>\",\"<div class = centerbox><div class = digit-span-text>2</div></div>\"]","key_presses":"[-1]","possible_responses":[["none"]],"stim_durations":"[800,800,800]","block_duration":3000,"timing_post_trial":0,"trial_id":"stim","exp_stage":"test","trial_type":"poldrack-multi-stim-multi-response","trial_index":3,"time_elapsed":11396,"internal_node_id":"0.0-2.0","sequence":[4,9,2],"num_digits":3,"exp_id":"digit-span","full_screen":true,"focus_shifts":0},{"rt":3643,"mouse_click":"SubmitButton","stim_duration":3643,"block_duration":3643,"timing_post_trial":500,"trial_id":"response","exp_stage":"test","trial_type":"single-stim-button","trial_index":4,"time_elapsed":15044,"internal_node_id":"0.0-3.0","response":[4,9,2],"sequence":[4,9,2],"num_digits":3,"condition":"forward","correct":true,"exp_id":"digit-span","full_screen":true,"focus_shifts":0},{"rt":-1,"stimulus":"<div class = centerbox><div class = center-text><span style=\"color:green\">Correct!</span></div></div>","key_press":-1,"possible_responses":"none","stim_duration":1000,"block_duration":1000,"timing_post_trial":1000,"trial_id":"feedback","trial_type":"poldrack-single-stim","trial_index":5,"time_elapsed":16550,"internal_node_id":"0.0-4.0","exp_id":"digit-span","full_screen":true,"focus_shifts":0},{"rt":-1,"stimulus":"<div class = centerbox><div class = center-text>4 Digits</p></div>","key_press":-1,"possible_responses":"none","stim_duration":1000,"block_duration":1000,"timing_post_trial":1000,"trial_id":"test_intro","trial_type":"poldrack-single-stim","trial_index":6,"time_elapsed":18554,"internal_node_id":"0.0-5.0","exp_id":"digit-span","full_screen":true,"focus_shifts":0},{"rt":"[-1]","stimuli":"[\"<div class = centerbox><div class = digit-span-text>6</div></div>\",\"<div class = centerbox><div class = digit-span-text>9</div></div>\",\"<div class = centerbox><div class = digit-span-text>4</div></div>\",\"<div class = centerbox><div class = digit-span-text>9</div></div>\"]","key_presses":"[-1]","possible_responses":[["none"]],"stim_durations":"[800,800,800,800]","block_duration":4000,"timing_post_trial":0,"trial_id":"stim","exp_stage":"test","trial_type":"poldrack-multi-stim-multi-response","trial_index":7,"time_elapsed":23558,"internal_node_id":"0.0-6.0","sequence":[6,9,4,9],"num_digits":4,"exp_id":"digit-span","full_screen":true,"focus_shifts":0},{"rt":3521,"mouse_click":"SubmitButton","stim_duration":3521,"block_duration":3521,"timing_post_trial":500,"trial_id":"response","exp_stage":"test","trial_type":"single-stim-button","trial_index":8,"time_elapsed":27081,"internal_node_id":"0.0-7.0","response":[6,9,4,9],"sequence":[6,9,4,9],"num_digits":4,"condition":"forward","correct":true,"exp_id":"digit-span","full_screen":true,"focus_shifts":0},{"rt":-1,"stimulus":"<div class = centerbox><div class = center-text><span style=\"color:green\">Correct!</span></div></div>","key_press":-1,"possible_responses":"none","stim_duration":1000,"block_duration":1000,"timing_post_trial":1000,"trial_id":"feedback","trial_type":"poldrack-single-stim","trial_index":9,"time_elapsed":28584,"internal_node_id":"0.0-8.0","exp_id":"digit-span","full_screen":true,"focus_shifts":0},{"rt":-1,"stimulus":"<div class = centerbox><div class = center-text>5 Digits</p></div>","key_press":-1,"possible_responses":"none","stim_duration":1000,"block_duration":1000,"timing_post_trial":1000,"trial_id":"test_intro","trial_type":"poldrack-single-stim","trial_index":10,"time_elapsed":30587,"internal_node_id":"0.0-9.0","exp_id":"digit-span","full_screen":true,"focus_shifts":0},{"rt":"[-1]","stimuli":"[\"<div class = centerbox><div class = digit-span-text>7</div></div>\",\"<div class = centerbox><div class = digit-span-text>3</div></div>\",\"<div class = centerbox><div class = digit-span-text>6</div></div>\",\"<div class = centerbox><div class = digit-span-text>1</div></div>\",\"<div class = centerbox><div class = digit-span-text>7</div></div>\"]","key_presses":"[-1]","possible_responses":[["none"]],"stim_durations":"[800,800,800,800,800]","block_duration":5000,"timing_post_trial":0,"trial_id":"stim","exp_stage":"test","trial_type":"poldrack-multi-stim-multi-response","trial_index":11,"time_elapsed":36590,"internal_node_id":"0.0-10.0","sequence":[7,3,6,1,7],"num_digits":5,"exp_id":"digit-span","full_screen":true,"focus_shifts":0},{"rt":4335,"mouse_click":"SubmitButton","stim_duration":4335,"block_duration":4335,"timing_post_trial":500,"trial_id":"response","exp_stage":"test","trial_type":"single-stim-button","trial_index":12,"time_elapsed":40927,"internal_node_id":"0.0-11.0","response":[7,3,6,1,7],"sequence":[7,3,6,1,7],"num_digits":5,"condition":"forward","correct":true,"exp_id":"digit-span","full_screen":true,"focus_shifts":0},{"rt":-1,"stimulus":"<div class = centerbox><div class = center-text><span style=\"color:green\">Correct!</span></div></div>","key_press":-1,"possible_responses":"none","stim_duration":1000,"block_duration":1000,"timing_post_trial":1000,"trial_id":"feedback","trial_type":"poldrack-single-stim","trial_index":13,"time_elapsed":42430,"internal_node_id":"0.0-12.0","exp_id":"digit-span","full_screen":true,"focus_shifts":0},{"rt":-1,"stimulus":"<div class = centerbox><div class = center-text>6 Digits</p></div>","key_press":-1,"possible_responses":"none","stim_duration":1000,"block_duration":1000,"timing_post_trial":1000,"trial_id":"test_intro","trial_type":"poldrack-single-stim","trial_index":14,"time_elapsed":44434,"internal_node_id":"0.0-13.0","exp_id":"digit-span","full_screen":true,"focus_shifts":0},{"rt":"[-1]","stimuli":"[\"<div class = centerbox><div class = digit-span-text>9</div></div>\",\"<div class = centerbox><div class = digit-span-text>4</div></div>\",\"<div class = centerbox><div class = digit-span-text>9</div></div>\",\"<div class = centerbox><div class = digit-span-text>4</div></div>\",\"<div class = centerbox><div class = digit-span-text>7</div></div>\",\"<div class = centerbox><div class = digit-span-text>2</div></div>\"]","key_presses":"[-1]","possible_responses":[["none"]],"stim_durations":"[800,800,800,800,800,800]","block_duration":6000,"timing_post_trial":0,"trial_id":"stim","exp_stage":"test","trial_type":"poldrack-multi-stim-multi-response","trial_index":15,"time_elapsed":51436,"internal_node_id":"0.0-14.0","sequence":[9,4,9,4,7,2],"num_digits":6,"exp_id":"digit-span","full_screen":true,"focus_shifts":0},{"rt":5376,"mouse_click":"SubmitButton","stim_duration":5376,"block_duration":5376,"timing_post_trial":500,"trial_id":"response","exp_stage":"test","trial_type":"single-stim-button","trial_index":16,"time_elapsed":56814,"internal_node_id":"0.0-15.0","response":[9,4,9,4,7,2],"sequence":[9,4,9,4,7,2],"num_digits":6,"condition":"forward","correct":true,"exp_id":"digit-span","full_screen":true,"focus_shifts":0},{"rt":-1,"stimulus":"<div class = centerbox><div class = center-text><span style=\"color:green\">Correct!</span></div></div>","key_press":-1,"possible_responses":"none","stim_duration":1000,"block_duration":1000,"timing_post_trial":1000,"trial_id":"feedback","trial_type":"poldrack-single-stim","trial_index":17,"time_elapsed":58316,"internal_node_id":"0.0-16.0","exp_id":"digit-span","full_screen":true,"focus_shifts":0},{"rt":-1,"stimulus":"<div class = centerbox><div class = center-text>7 Digits</p></div>","key_press":-1,"possible_responses":"none","stim_duration":1000,"block_duration":1000,"timing_post_trial":1000,"trial_id":"test_intro","trial_type":"poldrack-single-stim","trial_index":18,"time_elapsed":60320,"internal_node_id":"0.0-17.0","exp_id":"digit-span","full_screen":true,"focus_shifts":0},{"rt":"[-1]","stimuli":"[\"<div class = centerbox><div class = digit-span-text>7</div></div>\",\"<div class = centerbox><div class = digit-span-text>3</div></div>\",\"<div class = centerbox><div class = digit-span-text>9</div></div>\",\"<div class = centerbox><div class = digit-span-text>2</div></div>\",\"<div class = centerbox><div class = digit-span-text>7</div></div>\",\"<div class = centerbox><div class = digit-span-text>3</div></div>\",\"<div class = centerbox><div class = digit-span-text>8</div></div>\"]","key_presses":"[-1]","possible_responses":[["none"]],"stim_durations":"[800,800,800,800,800,800,800]","block_duration":7000,"timing_post_trial":0,"trial_id":"stim","exp_stage":"test","trial_type":"poldrack-multi-stim-multi-response","trial_index":19,"time_elapsed":68324,"internal_node_id":"0.0-18.0","sequence":[7,3,9,2,7,3,8],"num_digits":7,"exp_id":"digit-span","full_screen":true,"focus_shifts":0},{"rt":6921,"mouse_click":"SubmitButton","stim_duration":6921,"block_duration":6921,"timing_post_trial":500,"trial_id":"response","exp_stage":"test","trial_type":"single-stim-button","trial_index":20,"time_elapsed":75247,"internal_node_id":"0.0-19.0","response":[7,3,9,2,7,3,8],"sequence":[7,3,9,2,7,3,8],"num_digits":7,"condition":"forward","correct":true,"exp_id":"digit-span","full_screen":true,"focus_shifts":0},{"rt":-1,"stimulus":"<div class = centerbox><div class = center-text><span style=\"color:green\">Correct!</span></div></div>","key_press":-1,"possible_responses":"none","stim_duration":1000,"block_duration":1000,"timing_post_trial":1000,"trial_id":"feedback","trial_type":"poldrack-single-stim","trial_index":21,"time_elapsed":76753,"internal_node_id":"0.0-20.0","exp_id":"digit-span","full_screen":true,"focus_shifts":0},{"rt":-1,"stimulus":"<div class = centerbox><div class = center-text>8 Digits</p></div>","key_press":-1,"possible_responses":"none","stim_duration":1000,"block_duration":1000,"timing_post_trial":1000,"trial_id":"test_intro","trial_type":"poldrack-single-stim","trial_index":22,"time_elapsed":78757,"internal_node_id":"0.0-21.0","exp_id":"digit-span","full_screen":true,"focus_shifts":0},{"rt":"[-1]","stimuli":"[\"<div class = centerbox><div class = digit-span-text>6</div></div>\",\"<div class = centerbox><div class = digit-span-text>3</div></div>\",\"<div class = centerbox><div class = digit-span-text>8</div></div>\",\"<div class = centerbox><div class = digit-span-text>1</div></div>\",\"<div class = centerbox><div class = digit-span-text>5</div></div>\",\"<div class = centerbox><div class = digit-span-text>9</div></div>\",\"<div class = centerbox><div class = digit-span-text>4</div></div>\",\"<div class = centerbox><div class = digit-span-text>8</div></div>\"]","key_presses":"[-1]","possible_responses":[["none"]],"stim_durations":"[800,800,800,800,800,800,800,800]","block_duration":8000,"timing_post_trial":0,"trial_id":"stim","exp_stage":"test","trial_type":"poldrack-multi-stim-multi-response","trial_index":23,"time_elapsed":87762,"internal_node_id":"0.0-22.0","sequence":[6,3,8,1,5,9,4,8],"num_digits":8,"exp_id":"digit-span","full_screen":true,"focus_shifts":0},{"rt":6178,"mouse_click":"SubmitButton","stim_duration":6178,"block_duration":6178,"timing_post_trial":500,"trial_id":"response","exp_stage":"test","trial_type":"single-stim-button","trial_index":24,"time_elapsed":93944,"internal_node_id":"0.0-23.0","response":[6,3,8,1,5,9,4,8],"sequence":[6,3,8,1,5,9,4,8],"num_digits":8,"condition":"forward","correct":true,"exp_id":"digit-span","full_screen":true,"focus_shifts":0},{"rt":-1,"stimulus":"<div class = centerbox><div class = center-text><span style=\"color:green\">Correct!</span></div></div>","key_press":-1,"possible_responses":"none","stim_duration":1000,"block_duration":1000,"timing_post_trial":1000,"trial_id":"feedback","trial_type":"poldrack-single-stim","trial_index":25,"time_elapsed":95449,"internal_node_id":"0.0-24.0","exp_id":"digit-span","full_screen":true,"focus_shifts":0},{"rt":-1,"stimulus":"<div class = centerbox><div class = center-text>9 Digits</p></div>","key_press":-1,"possible_responses":"none","stim_duration":1000,"block_duration":1000,"timing_post_trial":1000,"trial_id":"test_intro","trial_type":"poldrack-single-stim","trial_index":26,"time_elapsed":97451,"internal_node_id":"0.0-25.0","exp_id":"digit-span","full_screen":true,"focus_shifts":0},{"rt":"[-1]","stimuli":"[\"<div class = centerbox><div class = digit-span-text>8</div></div>\",\"<div class = centerbox><div class = digit-span-text>4</div></div>\",\"<div class = centerbox><div class = digit-span-text>8</div></div>\",\"<div class = centerbox><div class = digit-span-text>5</div></div>\",\"<div class = centerbox><div class = digit-span-text>1</div></div>\",\"<div class = centerbox><div class = digit-span-text>4</div></div>\",\"<div class = centerbox><div class = digit-span-text>8</div></div>\",\"<div class = centerbox><div class = digit-span-text>5</div></div>\",\"<div class = centerbox><div class = digit-span-text>9</div></div>\"]","key_presses":"[-1]","possible_responses":[["none"]],"stim_durations":"[800,800,800,800,800,800,800,800,800]","block_duration":9000,"timing_post_trial":0,"trial_id":"stim","exp_stage":"test","trial_type":"poldrack-multi-stim-multi-response","trial_index":27,"time_elapsed":107455,"internal_node_id":"0.0-26.0","sequence":[8,4,8,5,1,4,8,5,9],"num_digits":9,"exp_id":"digit-span","full_screen":true,"focus_shifts":0},{"rt":6041,"mouse_click":"SubmitButton","stim_duration":6041,"block_duration":6041,"timing_post_trial":500,"trial_id":"response","exp_stage":"test","trial_type":"single-stim-button","trial_index":28,"time_elapsed":113497,"internal_node_id":"0.0-27.0","response":[8,4,8,5,1,4,8,5,9],"sequence":[8,4,8,5,1,4,8,5,9],"num_digits":9,"condition":"forward","correct":true,"exp_id":"digit-span","full_screen":true,"focus_shifts":0},{"rt":-1,"stimulus":"<div class = centerbox><div class = center-text><span style=\"color:green\">Correct!</span></div></div>","key_press":-1,"possible_responses":"none","stim_duration":1000,"block_duration":1000,"timing_post_trial":1000,"trial_id":"feedback","trial_type":"poldrack-single-stim","trial_index":29,"time_elapsed":115000,"internal_node_id":"0.0-28.0","exp_id":"digit-span","full_screen":true,"focus_shifts":0},{"rt":-1,"stimulus":"<div class = centerbox><div class = center-text>10 Digits</p></div>","key_press":-1,"possible_responses":"none","stim_duration":1000,"block_duration":1000,"timing_post_trial":1000,"trial_id":"test_intro","trial_type":"poldrack-single-stim","trial_index":30,"time_elapsed":117004,"internal_node_id":"0.0-29.0","exp_id":"digit-span","full_screen":true,"focus_shifts":0},{"rt":"[-1]","stimuli":"[\"<div class = centerbox><div class = digit-span-text>7</div></div>\",\"<div class = centerbox><div class = digit-span-text>4</div></div>\",\"<div class = centerbox><div class = digit-span-text>7</div></div>\",\"<div class = centerbox><div class = digit-span-text>1</div></div>\",\"<div class = centerbox><div class = digit-span-text>8</div></div>\",\"<div class = centerbox><div class = digit-span-text>4</div></div>\",\"<div class = centerbox><div class = digit-span-text>1</div></div>\",\"<div class = centerbox><div class = digit-span-text>5</div></div>\",\"<div class = centerbox><div class = digit-span-text>8</div></div>\",\"<div class = centerbox><div class = digit-span-text>1</div></div>\"]","key_presses":"[-1]","possible_responses":[["none"]],"stim_durations":"[800,800,800,800,800,800,800,800,800,800]","block_duration":10000,"timing_post_trial":0,"trial_id":"stim","exp_stage":"test","trial_type":"poldrack-multi-stim-multi-response","trial_index":31,"time_elapsed":128007,"internal_node_id":"0.0-30.0","sequence":[7,4,7,1,8,4,1,5,8,1],"num_digits":10,"exp_id":"digit-span","full_screen":true,"focus_shifts":0},{"rt":8257,"mouse_click":"SubmitButton","stim_duration":8257,"block_duration":8257,"timing_post_trial":500,"trial_id":"response","exp_stage":"test","trial_type":"single-stim-button","trial_index":32,"time_elapsed":136265,"internal_node_id":"0.0-31.0","response":[7,4,7,1,8,4,1,5,8,1],"sequence":[7,4,7,1,8,4,1,5,8,1],"num_digits":10,"condition":"forward","correct":true,"exp_id":"digit-span","full_screen":true,"focus_shifts":0},{"rt":-1,"stimulus":"<div class = centerbox><div class = center-text><span style=\"color:green\">Correct!</span></div></div>","key_press":-1,"possible_responses":"none","stim_duration":1000,"block_duration":1000,"timing_post_trial":1000,"trial_id":"feedback","trial_type":"poldrack-single-stim","trial_index":33,"time_elapsed":137770,"internal_node_id":"0.0-32.0","exp_id":"digit-span","full_screen":true,"focus_shifts":0},{"rt":-1,"stimulus":"<div class = centerbox><div class = center-text>11 Digits</p></div>","key_press":-1,"possible_responses":"none","stim_duration":1000,"block_duration":1000,"timing_post_trial":1000,"trial_id":"test_intro","trial_type":"poldrack-single-stim","trial_index":34,"time_elapsed":139777,"internal_node_id":"0.0-33.0","exp_id":"digit-span","full_screen":true,"focus_shifts":0},{"rt":"[-1]","stimuli":"[\"<div class = centerbox><div class = digit-span-text>5</div></div>\",\"<div class = centerbox><div class = digit-span-text>1</div></div>\",\"<div class = centerbox><div class = digit-span-text>4</div></div>\",\"<div class = centerbox><div class = digit-span-text>1</div></div>\",\"<div class = centerbox><div class = digit-span-text>4</div></div>\",\"<div class = centerbox><div class = digit-span-text>9</div></div>\",\"<div class = centerbox><div class = digit-span-text>2</div></div>\",\"<div class = centerbox><div class = digit-span-text>6</div></div>\",\"<div class = centerbox><div class = digit-span-text>1</div></div>\",\"<div class = centerbox><div class = digit-span-text>8</div></div>\",\"<div class = centerbox><div class = digit-span-text>2</div></div>\"]","key_presses":"[-1]","possible_responses":[["none"]],"stim_durations":"[800,800,800,800,800,800,800,800,800,800,800]","block_duration":11000,"timing_post_trial":0,"trial_id":"stim","exp_stage":"test","trial_type":"poldrack-multi-stim-multi-response","trial_index":35,"time_elapsed":151783,"internal_node_id":"0.0-34.0","sequence":[5,1,4,1,4,9,2,6,1,8,2],"num_digits":11,"exp_id":"digit-span","full_screen":true,"focus_shifts":0},{"rt":8489,"mouse_click":"SubmitButton","stim_duration":8489,"block_duration":8489,"timing_post_trial":500,"trial_id":"response","exp_stage":"test","trial_type":"single-stim-button","trial_index":36,"time_elapsed":160275,"internal_node_id":"0.0-35.0","response":[5,1,4,1,4,9,2,6,1,8,2],"sequence":[5,1,4,1,4,9,2,6,1,8,2],"num_digits":11,"condition":"forward","correct":true,"exp_id":"digit-span","full_screen":true,"focus_shifts":0},{"rt":-1,"stimulus":"<div class = centerbox><div class = center-text><span style=\"color:green\">Correct!</span></div></div>","key_press":-1,"possible_responses":"none","stim_duration":1000,"block_duration":1000,"timing_post_trial":1000,"trial_id":"feedback","trial_type":"poldrack-single-stim","trial_index":37,"time_elapsed":161781,"internal_node_id":"0.0-36.0","exp_id":"digit-span","full_screen":true,"focus_shifts":0},{"rt":-1,"stimulus":"<div class = centerbox><div class = center-text>12 Digits</p></div>","key_press":-1,"possible_responses":"none","stim_duration":1000,"block_duration":1000,"timing_post_trial":1000,"trial_id":"test_intro","trial_type":"poldrack-single-stim","trial_index":38,"time_elapsed":163784,"internal_node_id":"0.0-37.0","exp_id":"digit-span","full_screen":true,"focus_shifts":0},{"rt":"[-1]","stimuli":"[\"<div class = centerbox><div class = digit-span-text>7</div></div>\",\"<div class = centerbox><div class = digit-span-text>1</div></div>\",\"<div class = centerbox><div class = digit-span-text>9</div></div>\",\"<div class = centerbox><div class = digit-span-text>2</div></div>\",\"<div class = centerbox><div class = digit-span-text>9</div></div>\",\"<div class = centerbox><div class = digit-span-text>3</div></div>\",\"<div class = centerbox><div class = digit-span-text>6</div></div>\",\"<div class = centerbox><div class = digit-span-text>2</div></div>\",\"<div class = centerbox><div class = digit-span-text>8</div></div>\",\"<div class = centerbox><div class = digit-span-text>1</div></div>\",\"<div class = centerbox><div class = digit-span-text>8</div></div>\",\"<div class = centerbox><div class = digit-span-text>1</div></div>\"]","key_presses":"[-1]","possible_responses":[["none"]],"stim_durations":"[800,800,800,800,800,800,800,800,800,800,800,800]","block_duration":12000,"timing_post_trial":0,"trial_id":"stim","exp_stage":"test","trial_type":"poldrack-multi-stim-multi-response","trial_index":39,"time_elapsed":176787,"internal_node_id":"0.0-38.0","sequence":[7,1,9,2,9,3,6,2,8,1,8,1],"num_digits":12,"exp_id":"digit-span","full_screen":true,"focus_shifts":0},{"rt":9527,"mouse_click":"SubmitButton","stim_duration":9527,"block_duration":9527,"timing_post_trial":500,"trial_id":"response","exp_stage":"test","trial_type":"single-stim-button","trial_index":40,"time_elapsed":186317,"internal_node_id":"0.0-39.0","response":[7,1,9,2,9,3,6,2,8,9,8,1],"sequence":[7,1,9,2,9,3,6,2,8,1,8,1],"num_digits":12,"condition":"forward","correct":false,"exp_id":"digit-span","full_screen":true,"focus_shifts":0},{"rt":-1,"stimulus":"<div class = centerbox><div class = center-text><span style=\"color:red\">Incorrect</span></div></div>","key_press":-1,"possible_responses":"none","stim_duration":1000,"block_duration":1000,"timing_post_trial":1000,"trial_id":"feedback","trial_type":"poldrack-single-stim","trial_index":41,"time_elapsed":187820,"internal_node_id":"0.0-40.0","exp_id":"digit-span","full_screen":true,"focus_shifts":0},{"text":"<div class = centerbox><p class = block-text>In these next trials, instead of reporting back the sequence you just saw, report the <strong>reverse</strong> of that sequence. So the last item should be first in your response, the second to last should be the second in your response, etc...</p><p class = block-text>Press <strong>enter</strong> to begin.</p></div>","rt":6487,"key_press":13,"block_duration":6487,"timing_post_trial":1000,"trial_id":"start_reverse","trial_type":"poldrack-text","trial_index":42,"time_elapsed":195309,"internal_node_id":"0.0-42.0","exp_id":"digit-span","full_screen":true,"focus_shifts":0},{"rt":-1,"stimulus":"<div class = centerbox><div class = center-text>3 Digits</p></div>","key_press":-1,"possible_responses":"none","stim_duration":1000,"block_duration":1000,"timing_post_trial":1000,"trial_id":"test_intro","trial_type":"poldrack-single-stim","trial_index":43,"time_elapsed":197314,"internal_node_id":"0.0-43.0","exp_id":"digit-span","full_screen":true,"focus_shifts":0},{"rt":"[-1]","stimuli":"[\"<div class = centerbox><div class = digit-span-text>9</div></div>\",\"<div class = centerbox><div class = digit-span-text>3</div></div>\",\"<div class = centerbox><div class = digit-span-text>6</div></div>\"]","key_presses":"[-1]","possible_responses":[["none"]],"stim_durations":"[800,800,800]","block_duration":3000,"timing_post_trial":0,"trial_id":"stim","exp_stage":"test","trial_type":"poldrack-multi-stim-multi-response","trial_index":44,"time_elapsed":201321,"internal_node_id":"0.0-44.0","sequence":[9,3,6],"num_digits":3,"exp_id":"digit-span","full_screen":true,"focus_shifts":0},{"rt":8003,"mouse_click":"SubmitButton","stim_duration":8003,"block_duration":8003,"timing_post_trial":500,"trial_id":"response","exp_stage":"test","trial_type":"single-stim-button","trial_index":45,"time_elapsed":209329,"internal_node_id":"0.0-45.0","response":[6,3,9],"sequence":[9,3,6],"num_digits":3,"condition":"reverse","correct":true,"exp_id":"digit-span","full_screen":true,"focus_shifts":0},{"rt":-1,"stimulus":"<div class = centerbox><div class = center-text><span style=\"color:green\">Correct!</span></div></div>","key_press":-1,"possible_responses":"none","stim_duration":1000,"block_duration":1000,"timing_post_trial":1000,"trial_id":"feedback","trial_type":"poldrack-single-stim","trial_index":46,"time_elapsed":210836,"internal_node_id":"0.0-46.0","exp_id":"digit-span","full_screen":true,"focus_shifts":0},{"rt":-1,"stimulus":"<div class = centerbox><div class = center-text>4 Digits</p></div>","key_press":-1,"possible_responses":"none","stim_duration":1000,"block_duration":1000,"timing_post_trial":1000,"trial_id":"test_intro","trial_type":"poldrack-single-stim","trial_index":47,"time_elapsed":212841,"internal_node_id":"0.0-47.0","exp_id":"digit-span","full_screen":true,"focus_shifts":0},{"rt":"[-1]","stimuli":"[\"<div class = centerbox><div class = digit-span-text>7</div></div>\",\"<div class = centerbox><div class = digit-span-text>1</div></div>\",\"<div class = centerbox><div class = digit-span-text>6</div></div>\",\"<div class = centerbox><div class = digit-span-text>9</div></div>\"]","key_presses":"[-1]","possible_responses":[["none"]],"stim_durations":"[800,800,800,800]","block_duration":4000,"timing_post_trial":0,"trial_id":"stim","exp_stage":"test","trial_type":"poldrack-multi-stim-multi-response","trial_index":48,"time_elapsed":217846,"internal_node_id":"0.0-48.0","sequence":[7,1,6,9],"num_digits":4,"exp_id":"digit-span","full_screen":true,"focus_shifts":0},{"rt":6484,"mouse_click":"SubmitButton","stim_duration":6484,"block_duration":6484,"timing_post_trial":500,"trial_id":"response","exp_stage":"test","trial_type":"single-stim-button","trial_index":49,"time_elapsed":224333,"internal_node_id":"0.0-49.0","response":[9,6,1,7],"sequence":[7,1,6,9],"num_digits":4,"condition":"reverse","correct":true,"exp_id":"digit-span","full_screen":true,"focus_shifts":0},{"rt":-1,"stimulus":"<div class = centerbox><div class = center-text><span style=\"color:green\">Correct!</span></div></div>","key_press":-1,"possible_responses":"none","stim_duration":1000,"block_duration":1000,"timing_post_trial":1000,"trial_id":"feedback","trial_type":"poldrack-single-stim","trial_index":50,"time_elapsed":225837,"internal_node_id":"0.0-50.0","exp_id":"digit-span","full_screen":true,"focus_shifts":0},{"rt":-1,"stimulus":"<div class = centerbox><div class = center-text>5 Digits</p></div>","key_press":-1,"possible_responses":"none","stim_duration":1000,"block_duration":1000,"timing_post_trial":1000,"trial_id":"test_intro","trial_type":"poldrack-single-stim","trial_index":51,"time_elapsed":227840,"internal_node_id":"0.0-51.0","exp_id":"digit-span","full_screen":true,"focus_shifts":0},{"rt":"[-1]","stimuli":"[\"<div class = centerbox><div class = digit-span-text>9</div></div>\",\"<div class = centerbox><div class = digit-span-text>1</div></div>\",\"<div class = centerbox><div class = digit-span-text>5</div></div>\",\"<div class = centerbox><div class = digit-span-text>8</div></div>\",\"<div class = centerbox><div class = digit-span-text>3</div></div>\"]","key_presses":"[-1]","possible_responses":[["none"]],"stim_durations":"[800,800,800,800,800]","block_duration":5000,"timing_post_trial":0,"trial_id":"stim","exp_stage":"test","trial_type":"poldrack-multi-stim-multi-response","trial_index":52,"time_elapsed":233843,"internal_node_id":"0.0-52.0","sequence":[9,1,5,8,3],"num_digits":5,"exp_id":"digit-span","full_screen":true,"focus_shifts":0},{"rt":11538,"mouse_click":"SubmitButton","stim_duration":11538,"block_duration":11538,"timing_post_trial":500,"trial_id":"response","exp_stage":"test","trial_type":"single-stim-button","trial_index":53,"time_elapsed":245383,"internal_node_id":"0.0-53.0","response":[3,8,5,1,9],"sequence":[9,1,5,8,3],"num_digits":5,"condition":"reverse","correct":true,"exp_id":"digit-span","full_screen":true,"focus_shifts":0},{"rt":-1,"stimulus":"<div class = centerbox><div class = center-text><span style=\"color:green\">Correct!</span></div></div>","key_press":-1,"possible_responses":"none","stim_duration":1000,"block_duration":1000,"timing_post_trial":1000,"trial_id":"feedback","trial_type":"poldrack-single-stim","trial_index":54,"time_elapsed":246886,"internal_node_id":"0.0-54.0","exp_id":"digit-span","full_screen":true,"focus_shifts":0},{"rt":-1,"stimulus":"<div class = centerbox><div class = center-text>6 Digits</p></div>","key_press":-1,"possible_responses":"none","stim_duration":1000,"block_duration":1000,"timing_post_trial":1000,"trial_id":"test_intro","trial_type":"poldrack-single-stim","trial_index":55,"time_elapsed":248890,"internal_node_id":"0.0-55.0","exp_id":"digit-span","full_screen":true,"focus_shifts":0},{"rt":"[-1]","stimuli":"[\"<div class = centerbox><div class = digit-span-text>5</div></div>\",\"<div class = centerbox><div class = digit-span-text>9</div></div>\",\"<div class = centerbox><div class = digit-span-text>6</div></div>\",\"<div class = centerbox><div class = digit-span-text>1</div></div>\",\"<div class = centerbox><div class = digit-span-text>8</div></div>\",\"<div class = centerbox><div class = digit-span-text>4</div></div>\"]","key_presses":"[-1]","possible_responses":[["none"]],"stim_durations":"[800,800,800,800,800,800]","block_duration":6000,"timing_post_trial":0,"trial_id":"stim","exp_stage":"test","trial_type":"poldrack-multi-stim-multi-response","trial_index":56,"time_elapsed":255893,"internal_node_id":"0.0-56.0","sequence":[5,9,6,1,8,4],"num_digits":6,"exp_id":"digit-span","full_screen":true,"focus_shifts":0},{"rt":3148,"mouse_click":"SubmitButton","stim_duration":3148,"block_duration":3148,"timing_post_trial":500,"trial_id":"response","exp_stage":"test","trial_type":"single-stim-button","trial_index":57,"time_elapsed":259042,"internal_node_id":"0.0-57.0","response":[8,8,8],"sequence":[5,9,6,1,8,4],"num_digits":6,"condition":"reverse","correct":false,"exp_id":"digit-span","full_screen":true,"focus_shifts":0},{"rt":-1,"stimulus":"<div class = centerbox><div class = center-text><span style=\"color:red\">Incorrect</span></div></div>","key_press":-1,"possible_responses":"none","stim_duration":1000,"block_duration":1000,"timing_post_trial":1000,"trial_id":"feedback","trial_type":"poldrack-single-stim","trial_index":58,"time_elapsed":260546,"internal_node_id":"0.0-58.0","exp_id":"digit-span","full_screen":true,"focus_shifts":0},{"rt":-1,"stimulus":"<div class = centerbox><div class = center-text>6 Digits</p></div>","key_press":-1,"possible_responses":"none","stim_duration":1000,"block_duration":1000,"timing_post_trial":1000,"trial_id":"test_intro","trial_type":"poldrack-single-stim","trial_index":59,"time_elapsed":262550,"internal_node_id":"0.0-59.0","exp_id":"digit-span","full_screen":true,"focus_shifts":0},{"rt":"[-1]","stimuli":"[\"<div class = centerbox><div class = digit-span-text>5</div></div>\",\"<div class = centerbox><div class = digit-span-text>9</div></div>\",\"<div class = centerbox><div class = digit-span-text>1</div></div>\",\"<div class = centerbox><div class = digit-span-text>4</div></div>\",\"<div class = centerbox><div class = digit-span-text>1</div></div>\",\"<div class = centerbox><div class = digit-span-text>4</div></div>\"]","key_presses":"[-1]","possible_responses":[["none"]],"stim_durations":"[800,800,800,800,800,800]","block_duration":6000,"timing_post_trial":0,"trial_id":"stim","exp_stage":"test","trial_type":"poldrack-multi-stim-multi-response","trial_index":60,"time_elapsed":269555,"internal_node_id":"0.0-60.0","sequence":[5,9,1,4,1,4],"num_digits":6,"exp_id":"digit-span","full_screen":true,"focus_shifts":0},{"rt":1579,"mouse_click":"SubmitButton","stim_duration":1579,"block_duration":1579,"timing_post_trial":500,"trial_id":"response","exp_stage":"test","trial_type":"single-stim-button","trial_index":61,"time_elapsed":271137,"internal_node_id":"0.0-61.0","response":[8],"sequence":[5,9,1,4,1,4],"num_digits":6,"condition":"reverse","correct":false,"exp_id":"digit-span","full_screen":true,"focus_shifts":0},{"rt":-1,"stimulus":"<div class = centerbox><div class = center-text><span style=\"color:red\">Incorrect</span></div></div>","key_press":-1,"possible_responses":"none","stim_duration":1000,"block_duration":1000,"timing_post_trial":1000,"trial_id":"feedback","trial_type":"poldrack-single-stim","trial_index":62,"time_elapsed":272642,"internal_node_id":"0.0-62.0","exp_id":"digit-span","full_screen":true,"focus_shifts":0},{"rt":-1,"stimulus":"<div class = centerbox><div class = center-text>5 Digits</p></div>","key_press":-1,"possible_responses":"none","stim_duration":1000,"block_duration":1000,"timing_post_trial":1000,"trial_id":"test_intro","trial_type":"poldrack-single-stim","trial_index":63,"time_elapsed":274646,"internal_node_id":"0.0-63.0","exp_id":"digit-span","full_screen":true,"focus_shifts":0},{"rt":"[-1]","stimuli":"[\"<div class = centerbox><div class = digit-span-text>3</div></div>\",\"<div class = centerbox><div class = digit-span-text>8</div></div>\",\"<div class = centerbox><div class = digit-span-text>1</div></div>\",\"<div class = centerbox><div class = digit-span-text>6</div></div>\",\"<div class = centerbox><div class = digit-span-text>2</div></div>\"]","key_presses":"[-1]","possible_responses":[["none"]],"stim_durations":"[800,800,800,800,800]","block_duration":5000,"timing_post_trial":0,"trial_id":"stim","exp_stage":"test","trial_type":"poldrack-multi-stim-multi-response","trial_index":64,"time_elapsed":280650,"internal_node_id":"0.0-64.0","sequence":[3,8,1,6,2],"num_digits":5,"exp_id":"digit-span","full_screen":true,"focus_shifts":0},{"rt":1490,"mouse_click":"SubmitButton","stim_duration":1490,"block_duration":1490,"timing_post_trial":500,"trial_id":"response","exp_stage":"test","trial_type":"single-stim-button","trial_index":65,"time_elapsed":282142,"internal_node_id":"0.0-65.0","response":[8],"sequence":[3,8,1,6,2],"num_digits":5,"condition":"reverse","correct":false,"exp_id":"digit-span","full_screen":true,"focus_shifts":0},{"rt":-1,"stimulus":"<div class = centerbox><div class = center-text><span style=\"color:red\">Incorrect</span></div></div>","key_press":-1,"possible_responses":"none","stim_duration":1000,"block_duration":1000,"timing_post_trial":1000,"trial_id":"feedback","trial_type":"poldrack-single-stim","trial_index":66,"time_elapsed":283645,"internal_node_id":"0.0-66.0","exp_id":"digit-span","full_screen":true,"focus_shifts":0},{"rt":-1,"stimulus":"<div class = centerbox><div class = center-text>5 Digits</p></div>","key_press":-1,"possible_responses":"none","stim_duration":1000,"block_duration":1000,"timing_post_trial":1000,"trial_id":"test_intro","trial_type":"poldrack-single-stim","trial_index":67,"time_elapsed":285649,"internal_node_id":"0.0-67.0","exp_id":"digit-span","full_screen":true,"focus_shifts":0},{"rt":"[-1]","stimuli":"[\"<div class = centerbox><div class = digit-span-text>6</div></div>\",\"<div class = centerbox><div class = digit-span-text>1</div></div>\",\"<div class = centerbox><div class = digit-span-text>7</div></div>\",\"<div class = centerbox><div class = digit-span-text>4</div></div>\",\"<div class = centerbox><div class = digit-span-text>1</div></div>\"]","key_presses":"[-1]","possible_responses":[["none"]],"stim_durations":"[800,800,800,800,800]","block_duration":5000,"timing_post_trial":0,"trial_id":"stim","exp_stage":"test","trial_type":"poldrack-multi-stim-multi-response","trial_index":68,"time_elapsed":291653,"internal_node_id":"0.0-68.0","sequence":[6,1,7,4,1],"num_digits":5,"exp_id":"digit-span","full_screen":true,"focus_shifts":0},{"rt":1606,"mouse_click":"SubmitButton","stim_duration":1606,"block_duration":1606,"timing_post_trial":500,"trial_id":"response","exp_stage":"test","trial_type":"single-stim-button","trial_index":69,"time_elapsed":293261,"internal_node_id":"0.0-69.0","response":[6],"sequence":[6,1,7,4,1],"num_digits":5,"condition":"reverse","correct":false,"exp_id":"digit-span","full_screen":true,"focus_shifts":0},{"rt":-1,"stimulus":"<div class = centerbox><div class = center-text><span style=\"color:red\">Incorrect</span></div></div>","key_press":-1,"possible_responses":"none","stim_duration":1000,"block_duration":1000,"timing_post_trial":1000,"trial_id":"feedback","trial_type":"poldrack-single-stim","trial_index":70,"time_elapsed":294765,"internal_node_id":"0.0-70.0","exp_id":"digit-span","full_screen":true,"focus_shifts":0},{"rt":-1,"stimulus":"<div class = centerbox><div class = center-text>4 Digits</p></div>","key_press":-1,"possible_responses":"none","stim_duration":1000,"block_duration":1000,"timing_post_trial":1000,"trial_id":"test_intro","trial_type":"poldrack-single-stim","trial_index":71,"time_elapsed":296769,"internal_node_id":"0.0-71.0","exp_id":"digit-span","full_screen":true,"focus_shifts":0},{"rt":"[-1]","stimuli":"[\"<div class = centerbox><div class = digit-span-text>8</div></div>\",\"<div class = centerbox><div class = digit-span-text>4</div></div>\",\"<div class = centerbox><div class = digit-span-text>7</div></div>\",\"<div class = centerbox><div class = digit-span-text>2</div></div>\"]","key_presses":"[-1]","possible_responses":[["none"]],"stim_durations":"[800,800,800,800]","block_duration":4000,"timing_post_trial":0,"trial_id":"stim","exp_stage":"test","trial_type":"poldrack-multi-stim-multi-response","trial_index":72,"time_elapsed":301772,"internal_node_id":"0.0-72.0","sequence":[8,4,7,2],"num_digits":4,"exp_id":"digit-span","full_screen":true,"focus_shifts":0},{"rt":2352,"mouse_click":"SubmitButton","stim_duration":2352,"block_duration":2352,"timing_post_trial":500,"trial_id":"response","exp_stage":"test","trial_type":"single-stim-button","trial_index":73,"time_elapsed":304125,"internal_node_id":"0.0-73.0","response":[8],"sequence":[8,4,7,2],"num_digits":4,"condition":"reverse","correct":false,"exp_id":"digit-span","full_screen":true,"focus_shifts":0},{"rt":-1,"stimulus":"<div class = centerbox><div class = center-text><span style=\"color:red\">Incorrect</span></div></div>","key_press":-1,"possible_responses":"none","stim_duration":1000,"block_duration":1000,"timing_post_trial":1000,"trial_id":"feedback","trial_type":"poldrack-single-stim","trial_index":74,"time_elapsed":305629,"internal_node_id":"0.0-74.0","exp_id":"digit-span","full_screen":true,"focus_shifts":0},{"rt":-1,"stimulus":"<div class = centerbox><div class = center-text>4 Digits</p></div>","key_press":-1,"possible_responses":"none","stim_duration":1000,"block_duration":1000,"timing_post_trial":1000,"trial_id":"test_intro","trial_type":"poldrack-single-stim","trial_index":75,"time_elapsed":307631,"internal_node_id":"0.0-75.0","exp_id":"digit-span","full_screen":true,"focus_shifts":0},{"rt":"[-1]","stimuli":"[\"<div class = centerbox><div class = digit-span-text>8</div></div>\",\"<div class = centerbox><div class = digit-span-text>4</div></div>\",\"<div class = centerbox><div class = digit-span-text>8</div></div>\",\"<div class = centerbox><div class = digit-span-text>2</div></div>\"]","key_presses":"[-1]","possible_responses":[["none"]],"stim_durations":"[800,800,800,800]","block_duration":4000,"timing_post_trial":0,"trial_id":"stim","exp_stage":"test","trial_type":"poldrack-multi-stim-multi-response","trial_index":76,"time_elapsed":312634,"internal_node_id":"0.0-76.0","sequence":[8,4,8,2],"num_digits":4,"exp_id":"digit-span","full_screen":true,"focus_shifts":0},{"rt":2959,"mouse_click":"SubmitButton","stim_duration":2959,"block_duration":2959,"timing_post_trial":500,"trial_id":"response","exp_stage":"test","trial_type":"single-stim-button","trial_index":77,"time_elapsed":315594,"internal_node_id":"0.0-77.0","response":[5],"sequence":[8,4,8,2],"num_digits":4,"condition":"reverse","correct":false,"exp_id":"digit-span","full_screen":true,"focus_shifts":0},{"rt":-1,"stimulus":"<div class = centerbox><div class = center-text><span style=\"color:red\">Incorrect</span></div></div>","key_press":-1,"possible_responses":"none","stim_duration":1000,"block_duration":1000,"timing_post_trial":1000,"trial_id":"feedback","trial_type":"poldrack-single-stim","trial_index":78,"time_elapsed":317097,"internal_node_id":"0.0-78.0","exp_id":"digit-span","full_screen":true,"focus_shifts":0},{"rt":-1,"stimulus":"<div class = centerbox><div class = center-text>3 Digits</p></div>","key_press":-1,"possible_responses":"none","stim_duration":1000,"block_duration":1000,"timing_post_trial":1000,"trial_id":"test_intro","trial_type":"poldrack-single-stim","trial_index":79,"time_elapsed":319101,"internal_node_id":"0.0-79.0","exp_id":"digit-span","full_screen":true,"focus_shifts":0},{"rt":"[-1]","stimuli":"[\"<div class = centerbox><div class = digit-span-text>4</div></div>\",\"<div class = centerbox><div class = digit-span-text>9</div></div>\",\"<div class = centerbox><div class = digit-span-text>6</div></div>\"]","key_presses":"[-1]","possible_responses":[["none"]],"stim_durations":"[800,800,800]","block_duration":3000,"timing_post_trial":0,"trial_id":"stim","exp_stage":"test","trial_type":"poldrack-multi-stim-multi-response","trial_index":80,"time_elapsed":323103,"internal_node_id":"0.0-80.0","sequence":[4,9,6],"num_digits":3,"exp_id":"digit-span","full_screen":true,"focus_shifts":0},{"rt":7623,"mouse_click":"SubmitButton","stim_duration":7623,"block_duration":7623,"timing_post_trial":500,"trial_id":"response","exp_stage":"test","trial_type":"single-stim-button","trial_index":81,"time_elapsed":330729,"internal_node_id":"0.0-81.0","response":[4],"sequence":[4,9,6],"num_digits":3,"condition":"reverse","correct":false,"exp_id":"digit-span","full_screen":true,"focus_shifts":1},{"rt":-1,"stimulus":"<div class = centerbox><div class = center-text><span style=\"color:red\">Incorrect</span></div></div>","key_press":-1,"possible_responses":"none","stim_duration":1000,"block_duration":1000,"timing_post_trial":1000,"trial_id":"feedback","trial_type":"poldrack-single-stim","trial_index":82,"time_elapsed":332231,"internal_node_id":"0.0-82.0","exp_id":"digit-span","full_screen":true,"focus_shifts":0},{"rt":10071,"responses":"{\"Q0\":\"Albert Gatt\",\"Q1\":\"albert.gatt@um.edu.mt\"}","trial_id":"post task questions","trial_type":"survey-text","trial_index":83,"time_elapsed":343323,"internal_node_id":"0.0-83.0","exp_id":"digit-span","full_screen":true,"focus_shifts":0},{"text":"<div class = centerbox><p class = center-block-text>Thanks for completing this task!</p><p class = center-block-text>Press <strong>enter</strong> to continue.</p></div>","rt":2004,"key_press":13,"block_duration":2004,"timing_post_trial":0,"trial_id":"end","exp_id":"digit-span","trial_type":"poldrack-text","trial_index":84,"time_elapsed":346330,"internal_node_id":"0.0-84.0","full_screen":true,"focus_shifts":0}]